no,departure_location2_no,arrival_location2_no,date,elapsed_time
1,1,2,2021-09-06 0:00,4:20:00
2,1,45,2021-10-05 0:00,4:29:00
3,2,97,2021-09-13 23:30,7:37:00
4,2,42,2021-11-13 22:00,6:43:00
5,2,73,2021-11-20 19:20,5:41:00
6,2,98,2021-11-02 22:00,4:23:00
7,2,156,2021-09-18 0:00,5:13:00
8,3,99,2021-09-06 22:00,1:28:00
9,3,221,2021-10-17 17:00,2:20:00
10,3,148,2021-10-07 17:00,4:28:00
11,3,171,2021-09-11 23:30,6:10:00
12,3,19,2021-11-24 17:00,4:29:00
13,3,70,2021-09-07 15:30,7:46:00
14,3,137,2021-10-22 0:00,7:34:00
15,3,3,2021-11-09 23:30,6:13:00
16,3,50,2021-11-03 0:00,7:36:00
17,3,120,2021-09-13 23:30,6:46:00
18,4,127,2021-10-28 22:00,3:41:00
19,4,137,2021-10-19 17:00,6:33:00
20,4,53,2021-11-20 0:00,6:32:00
21,4,29,2021-11-14 0:00,1:17:00
22,4,86,2021-09-24 19:20,6:54:00
23,5,170,2021-10-05 17:00,5:54:00
24,5,179,2021-10-29 17:00,3:23:00
25,5,47,2021-09-02 17:00,7:33:00
26,5,58,2021-11-18 15:30,4:18:00
27,5,127,2021-11-29 19:20,7:46:00
28,5,164,2021-11-14 0:00,5:21:00
29,5,213,2021-09-11 15:30,1:41:00
30,5,73,2021-10-27 19:20,6:15:00
31,6,196,2021-10-09 0:00,7:15:00
32,6,27,2021-09-19 22:00,6:35:00
33,6,47,2021-11-28 19:20,6:18:00
34,6,102,2021-09-01 19:20,5:24:00
35,6,103,2021-09-16 0:00,4:32:00
36,6,207,2021-09-18 17:00,6:16:00
37,6,131,2021-11-27 0:00,5:13:00
38,6,140,2021-10-03 23:30,1:37:00
39,6,161,2021-11-16 0:00,5:11:00
40,6,153,2021-10-23 22:00,6:54:00
41,7,159,2021-09-17 15:30,2:32:00
42,7,104,2021-11-12 19:20,2:17:00
43,7,68,2021-09-12 17:00,5:30:00
44,7,176,2021-10-14 19:20,3:47:00
45,7,101,2021-09-11 17:00,7:52:00
46,7,39,2021-11-27 23:30,7:23:00
47,7,79,2021-10-20 15:30,5:28:00
48,7,213,2021-09-15 22:00,6:55:00
49,7,21,2021-11-05 17:00,2:55:00
50,7,17,2021-10-30 23:30,4:41:00
51,7,158,2021-10-24 22:00,2:43:00
52,7,134,2021-09-22 22:00,2:22:00
53,7,197,2021-09-29 23:30,6:51:00
54,7,215,2021-09-21 0:00,7:30:00
55,7,164,2021-10-01 22:00,4:19:00
56,8,109,2021-11-05 22:00,6:52:00
57,8,47,2021-11-27 17:00,6:31:00
58,8,83,2021-11-15 17:00,6:42:00
59,8,145,2021-10-06 23:30,1:47:00
60,8,199,2021-11-12 22:00,4:52:00
61,8,96,2021-11-05 0:00,2:48:00
62,8,69,2021-10-13 22:00,4:46:00
63,8,7,2021-11-29 23:30,5:50:00
64,8,144,2021-11-02 23:30,1:15:00
65,8,158,2021-10-12 19:20,6:48:00
66,9,208,2021-09-26 15:30,3:16:00
67,9,1,2021-11-19 17:00,2:39:00
68,9,11,2021-11-14 19:20,2:48:00
69,9,66,2021-09-24 15:30,1:49:00
70,9,123,2021-10-24 15:30,7:41:00
71,9,56,2021-09-30 0:00,5:32:00
72,9,134,2021-09-23 23:30,4:14:00
73,9,168,2021-11-26 17:00,7:30:00
74,9,199,2021-11-13 0:00,4:13:00
75,9,127,2021-09-06 17:00,5:48:00
76,9,28,2021-09-21 22:00,3:43:00
77,9,204,2021-09-11 0:00,7:32:00
78,9,122,2021-11-09 23:30,6:21:00
79,9,140,2021-09-29 19:20,4:42:00
80,9,170,2021-10-18 23:30,5:39:00
81,9,33,2021-11-01 23:30,6:12:00
82,9,126,2021-11-14 19:20,3:51:00
83,9,214,2021-09-29 15:30,7:44:00
84,9,90,2021-11-21 0:00,4:18:00
85,9,54,2021-09-29 22:00,3:46:00
86,10,95,2021-10-02 22:00,7:29:00
87,10,114,2021-10-30 15:30,2:14:00
88,10,103,2021-10-15 17:00,6:50:00
89,10,71,2021-09-02 19:20,7:11:00
90,10,87,2021-10-09 22:00,7:30:00
91,10,195,2021-10-08 19:20,1:39:00
92,10,200,2021-10-01 23:30,6:45:00
93,10,99,2021-11-29 23:30,5:33:00
94,10,148,2021-09-07 17:00,6:17:00
95,10,28,2021-09-14 23:30,7:16:00
96,10,116,2021-09-01 17:00,7:35:00
97,10,206,2021-09-08 19:20,2:35:00
98,10,39,2021-11-23 19:20,1:14:00
99,10,81,2021-11-16 15:30,4:45:00
100,11,226,2021-10-19 15:30,2:15:00
101,11,150,2021-11-26 19:20,6:18:00
102,11,178,2021-09-05 22:00,6:37:00
103,11,28,2021-11-08 23:30,3:28:00
104,11,161,2021-10-24 0:00,4:55:00
105,11,32,2021-10-01 0:00,6:35:00
106,11,216,2021-11-21 19:20,2:52:00
107,11,12,2021-11-15 17:00,3:33:00
108,11,158,2021-10-01 23:30,2:13:00
109,11,116,2021-09-19 17:00,3:20:00
110,11,2,2021-11-09 0:00,7:10:00
111,11,197,2021-11-02 22:00,7:39:00
112,11,43,2021-10-16 17:00,7:24:00
113,11,201,2021-09-26 15:30,1:55:00
114,11,199,2021-09-16 19:20,6:45:00
115,11,183,2021-10-09 22:00,6:34:00
116,12,115,2021-09-24 0:00,7:47:00
117,12,87,2021-11-26 19:20,7:18:00
118,12,49,2021-11-30 23:30,1:15:00
119,13,212,2021-09-20 23:30,7:52:00
120,13,89,2021-11-17 17:00,4:37:00
121,13,185,2021-11-11 17:00,2:51:00
122,13,40,2021-11-23 15:30,6:32:00
123,13,79,2021-11-23 17:00,6:50:00
124,13,97,2021-11-05 0:00,6:10:00
125,13,165,2021-11-16 19:20,3:40:00
126,14,216,2021-09-03 17:00,4:15:00
127,14,206,2021-11-03 0:00,4:46:00
128,14,20,2021-09-09 23:30,6:48:00
129,14,133,2021-09-11 23:30,1:38:00
130,14,94,2021-09-08 19:20,7:50:00
131,14,15,2021-10-21 15:30,3:13:00
132,14,197,2021-09-02 17:00,7:50:00
133,14,187,2021-09-21 22:00,2:38:00
134,14,145,2021-10-29 23:30,5:46:00
135,14,221,2021-09-23 23:30,4:25:00
136,14,104,2021-11-02 19:20,1:21:00
137,14,51,2021-11-20 19:20,7:43:00
138,14,181,2021-09-23 22:00,3:11:00
139,15,145,2021-11-16 0:00,7:24:00
140,15,177,2021-11-17 23:30,5:26:00
141,16,44,2021-11-27 17:00,5:29:00
142,16,226,2021-11-05 15:30,6:43:00
143,16,3,2021-11-03 19:20,2:25:00
144,16,170,2021-11-25 19:20,6:25:00
145,16,173,2021-10-16 17:00,3:26:00
146,16,196,2021-10-11 23:30,7:22:00
147,17,213,2021-09-12 17:00,7:34:00
148,17,96,2021-10-04 19:20,7:22:00
149,17,42,2021-10-17 15:30,1:53:00
150,17,48,2021-10-25 17:00,4:24:00
151,17,2,2021-11-14 17:00,4:30:00
152,17,154,2021-10-24 23:30,7:54:00
153,17,38,2021-11-06 17:00,1:21:00
154,17,85,2021-10-14 22:00,1:27:00
155,17,183,2021-10-04 19:20,4:36:00
156,17,70,2021-09-15 0:00,1:26:00
157,17,52,2021-10-09 22:00,5:46:00
158,18,131,2021-11-16 19:20,2:10:00
159,18,137,2021-10-26 17:00,6:19:00
160,18,216,2021-09-12 0:00,3:34:00
161,18,13,2021-10-01 22:00,4:48:00
162,18,221,2021-09-04 19:20,4:41:00
163,18,106,2021-09-08 19:20,2:21:00
164,18,46,2021-09-07 23:30,3:29:00
165,18,214,2021-10-14 15:30,4:23:00
166,18,158,2021-09-13 17:00,3:24:00
167,18,161,2021-10-15 22:00,1:22:00
168,18,68,2021-09-05 22:00,2:13:00
169,18,212,2021-11-28 22:00,6:28:00
170,19,118,2021-11-20 15:30,5:20:00
171,19,18,2021-09-23 22:00,5:35:00
172,19,112,2021-09-21 23:30,5:35:00
173,19,225,2021-11-26 17:00,6:44:00
174,19,84,2021-10-04 23:30,2:10:00
175,19,111,2021-11-30 17:00,4:31:00
176,19,31,2021-11-12 19:20,5:31:00
177,19,21,2021-09-13 19:20,3:20:00
178,19,82,2021-09-19 15:30,1:46:00
179,19,70,2021-11-27 19:20,6:42:00
180,19,114,2021-11-21 0:00,7:16:00
181,19,65,2021-11-07 15:30,3:30:00
182,19,144,2021-10-25 19:20,1:22:00
183,20,14,2021-11-27 15:30,1:53:00
184,20,211,2021-09-25 22:00,7:28:00
185,20,217,2021-10-19 0:00,7:43:00
186,20,63,2021-10-06 15:30,5:18:00
187,20,52,2021-10-14 17:00,7:24:00
188,20,13,2021-10-17 22:00,2:10:00
189,21,104,2021-10-03 15:30,4:50:00
190,21,10,2021-11-02 17:00,1:42:00
191,21,7,2021-10-29 19:20,4:24:00
192,21,45,2021-11-29 23:30,1:40:00
193,22,63,2021-10-30 19:20,5:32:00
194,22,203,2021-10-26 15:30,1:18:00
195,22,170,2021-09-02 15:30,1:33:00
196,22,176,2021-11-22 19:20,7:38:00
197,22,120,2021-09-28 17:00,1:48:00
198,22,142,2021-11-09 17:00,6:38:00
199,22,144,2021-09-08 17:00,4:44:00
200,22,224,2021-09-09 17:00,3:15:00
201,22,193,2021-10-15 17:00,3:32:00
202,23,15,2021-09-28 17:00,4:46:00
203,23,41,2021-11-19 19:20,7:12:00
204,23,173,2021-09-13 23:30,5:16:00
205,23,63,2021-11-18 19:20,4:32:00
206,23,113,2021-11-02 19:20,3:55:00
207,23,181,2021-09-20 0:00,4:16:00
208,23,80,2021-11-01 23:30,7:55:00
209,23,3,2021-09-17 17:00,7:16:00
210,23,183,2021-09-27 15:30,2:24:00
211,23,155,2021-11-12 23:30,7:32:00
212,23,162,2021-11-08 17:00,3:33:00
213,23,111,2021-10-19 15:30,1:35:00
214,23,146,2021-09-25 23:30,4:42:00
215,23,9,2021-10-21 23:30,4:17:00
216,23,32,2021-11-14 17:00,3:48:00
217,23,139,2021-10-30 22:00,4:34:00
218,24,207,2021-09-08 0:00,7:32:00
219,24,68,2021-10-03 23:30,4:18:00
220,24,174,2021-09-05 17:00,6:43:00
221,24,20,2021-11-01 17:00,6:30:00
222,24,98,2021-09-24 19:20,4:38:00
223,24,121,2021-11-07 23:30,4:31:00
224,24,59,2021-11-19 17:00,5:44:00
225,24,190,2021-09-13 17:00,5:28:00
226,24,10,2021-10-22 23:30,1:36:00
227,24,118,2021-11-08 0:00,3:35:00
228,24,138,2021-09-13 17:00,4:48:00
229,24,67,2021-10-28 17:00,5:25:00
230,24,43,2021-10-21 22:00,1:44:00
231,24,178,2021-09-18 23:30,6:46:00
232,24,217,2021-11-02 15:30,3:34:00
233,24,193,2021-10-13 15:30,3:28:00
234,25,207,2021-11-12 22:00,5:36:00
235,25,220,2021-09-15 0:00,7:18:00
236,25,1,2021-09-08 22:00,5:12:00
237,25,150,2021-11-09 17:00,7:25:00
238,25,204,2021-09-19 22:00,1:24:00
239,26,127,2021-11-01 0:00,3:10:00
240,26,172,2021-10-03 17:00,5:41:00
241,26,83,2021-11-06 17:00,7:16:00
242,26,209,2021-10-01 22:00,2:22:00
243,26,170,2021-09-04 17:00,6:49:00
244,26,181,2021-10-22 17:00,3:55:00
245,27,172,2021-11-19 22:00,6:37:00
246,27,189,2021-10-02 19:20,4:51:00
247,27,43,2021-11-20 0:00,1:27:00
248,27,201,2021-10-04 19:20,3:39:00
249,27,120,2021-11-03 15:30,1:24:00
250,27,41,2021-09-10 0:00,1:25:00
251,27,24,2021-10-04 22:00,7:44:00
252,27,223,2021-09-18 23:30,1:43:00
253,27,26,2021-09-29 19:20,1:29:00
254,27,70,2021-11-24 15:30,5:38:00
255,27,72,2021-11-02 23:30,7:37:00
256,27,20,2021-09-18 23:30,4:49:00
257,28,82,2021-10-01 19:20,5:50:00
258,28,6,2021-10-22 23:30,4:35:00
259,28,60,2021-10-24 19:20,6:37:00
260,28,136,2021-09-19 0:00,4:49:00
261,28,157,2021-11-24 17:00,7:28:00
262,28,55,2021-09-23 15:30,7:18:00
263,28,18,2021-10-28 22:00,3:50:00
264,28,16,2021-10-11 23:30,6:54:00
265,28,154,2021-09-27 0:00,5:14:00
266,28,111,2021-11-01 17:00,1:50:00
267,28,215,2021-11-14 15:30,1:44:00
268,28,67,2021-11-28 19:20,2:46:00
269,28,174,2021-10-27 22:00,4:36:00
270,28,193,2021-11-06 23:30,5:13:00
271,28,17,2021-09-11 23:30,5:20:00
272,29,160,2021-11-13 22:00,4:48:00
273,29,151,2021-09-30 0:00,4:45:00
274,29,10,2021-10-27 0:00,5:36:00
275,29,174,2021-11-09 23:30,4:21:00
276,29,179,2021-10-08 17:00,5:41:00
277,29,124,2021-10-03 22:00,7:31:00
278,29,128,2021-10-10 15:30,4:36:00
279,29,191,2021-09-09 23:30,3:27:00
280,29,202,2021-10-15 19:20,6:44:00
281,29,39,2021-11-04 23:30,3:22:00
282,29,226,2021-10-03 17:00,3:23:00
283,29,23,2021-11-02 17:00,4:15:00
284,29,195,2021-11-28 0:00,7:42:00
285,29,189,2021-10-22 0:00,1:25:00
286,29,97,2021-09-16 22:00,7:12:00
287,30,81,2021-11-05 17:00,6:12:00
288,30,66,2021-11-14 22:00,3:33:00
289,30,91,2021-10-30 17:00,7:41:00
290,30,96,2021-09-10 15:30,3:23:00
291,30,33,2021-11-09 15:30,1:26:00
292,30,90,2021-11-10 19:20,5:14:00
293,30,130,2021-10-14 15:30,7:17:00
294,30,134,2021-11-28 15:30,2:53:00
295,31,186,2021-10-28 19:20,3:13:00
296,31,171,2021-11-22 22:00,5:37:00
297,31,104,2021-11-29 0:00,6:55:00
298,31,119,2021-10-19 19:20,6:33:00
299,31,177,2021-10-30 17:00,5:12:00
300,31,190,2021-09-24 19:20,2:24:00
301,31,47,2021-11-25 17:00,3:51:00
302,31,94,2021-09-18 15:30,7:51:00
303,31,105,2021-10-03 22:00,4:29:00
304,31,127,2021-10-01 23:30,3:20:00
305,31,35,2021-09-29 0:00,2:14:00
306,31,23,2021-09-08 19:20,2:41:00
307,31,115,2021-09-28 19:20,7:39:00
308,31,86,2021-11-26 17:00,3:17:00
309,31,73,2021-09-03 17:00,7:34:00
310,31,175,2021-10-13 17:00,3:11:00
311,31,121,2021-09-14 22:00,5:28:00
312,32,190,2021-11-25 15:30,4:35:00
313,32,4,2021-10-13 19:20,7:12:00
314,32,92,2021-10-09 23:30,7:29:00
315,32,120,2021-09-14 17:00,2:49:00
316,33,6,2021-11-19 0:00,4:50:00
317,33,22,2021-11-01 15:30,7:16:00
318,33,35,2021-09-28 19:20,4:48:00
319,33,50,2021-10-02 17:00,4:45:00
320,33,63,2021-10-27 17:00,4:43:00
321,34,39,2021-11-11 19:20,3:16:00
322,34,56,2021-10-04 19:20,3:33:00
323,34,113,2021-11-04 0:00,7:10:00
324,34,107,2021-11-06 23:30,4:25:00
325,34,14,2021-10-20 22:00,7:20:00
326,34,99,2021-10-19 22:00,2:33:00
327,34,136,2021-11-19 22:00,2:50:00
328,34,116,2021-09-24 22:00,2:12:00
329,34,42,2021-11-25 19:20,6:54:00
330,35,223,2021-11-15 22:00,6:46:00
331,35,205,2021-10-18 22:00,7:55:00
332,35,208,2021-09-17 0:00,3:14:00
333,35,146,2021-09-02 17:00,1:36:00
334,35,56,2021-11-04 23:30,2:54:00
335,35,173,2021-09-18 15:30,4:44:00
336,35,36,2021-09-11 23:30,1:16:00
337,35,154,2021-09-10 15:30,3:39:00
338,35,191,2021-11-01 23:30,3:34:00
339,35,195,2021-09-01 19:20,1:31:00
340,36,77,2021-09-21 0:00,1:33:00
341,36,34,2021-10-23 0:00,3:38:00
342,36,212,2021-10-03 19:20,5:54:00
343,36,221,2021-10-09 17:00,5:20:00
344,36,213,2021-10-05 23:30,5:54:00
345,36,88,2021-10-20 22:00,1:49:00
346,36,18,2021-09-28 19:20,2:24:00
347,36,96,2021-09-28 22:00,1:12:00
348,36,61,2021-11-06 23:30,4:10:00
349,36,143,2021-11-07 17:00,6:26:00
350,36,202,2021-10-15 19:20,6:24:00
351,36,203,2021-09-30 17:00,6:15:00
352,36,210,2021-09-06 22:00,7:11:00
353,36,159,2021-10-06 0:00,4:12:00
354,36,194,2021-10-18 15:30,2:26:00
355,36,58,2021-11-05 23:30,7:22:00
356,36,81,2021-10-08 17:00,6:54:00
357,36,188,2021-09-21 22:00,7:41:00
358,36,205,2021-10-01 23:30,3:51:00
359,37,198,2021-09-06 0:00,6:23:00
360,37,3,2021-10-07 15:30,4:33:00
361,37,183,2021-11-03 23:30,2:33:00
362,37,126,2021-11-25 15:30,1:35:00
363,37,142,2021-10-30 15:30,3:48:00
364,37,113,2021-10-18 19:20,5:14:00
365,37,48,2021-11-15 15:30,6:25:00
366,37,145,2021-09-13 23:30,2:48:00
367,37,108,2021-10-05 22:00,6:48:00
368,37,115,2021-09-04 15:30,5:26:00
369,37,129,2021-11-30 23:30,3:31:00
370,37,140,2021-09-07 23:30,7:35:00
371,38,29,2021-10-15 15:30,6:42:00
372,38,153,2021-09-13 22:00,7:27:00
373,38,19,2021-10-13 0:00,5:14:00
374,38,106,2021-11-11 15:30,2:40:00
375,38,215,2021-11-19 22:00,6:15:00
376,38,177,2021-11-06 23:30,1:28:00
377,38,218,2021-09-30 15:30,4:25:00
378,38,92,2021-09-28 23:30,1:55:00
379,38,221,2021-09-15 15:30,2:22:00
380,38,109,2021-10-04 15:30,3:22:00
381,38,194,2021-11-29 23:30,6:54:00
382,38,9,2021-10-11 23:30,1:27:00
383,38,16,2021-11-05 22:00,2:55:00
384,39,156,2021-10-23 17:00,7:32:00
385,39,165,2021-11-03 19:20,1:42:00
386,39,29,2021-09-10 22:00,2:35:00
387,39,208,2021-11-24 22:00,7:25:00
388,39,158,2021-11-15 17:00,1:47:00
389,39,69,2021-11-08 22:00,4:17:00
390,39,52,2021-09-02 19:20,7:37:00
391,39,62,2021-11-15 17:00,6:49:00
392,39,14,2021-10-01 0:00,7:39:00
393,39,68,2021-11-13 23:30,1:32:00
394,39,136,2021-09-07 19:20,4:13:00
395,39,113,2021-10-29 19:20,7:29:00
396,39,24,2021-10-18 0:00,4:47:00
397,39,210,2021-09-24 15:30,2:28:00
398,39,212,2021-09-14 19:20,2:41:00
399,40,143,2021-10-20 15:30,1:48:00
400,40,58,2021-11-07 15:30,4:18:00
401,40,102,2021-09-25 0:00,5:16:00
402,40,199,2021-11-09 23:30,1:42:00
403,40,137,2021-09-08 23:30,2:46:00
404,40,195,2021-10-21 15:30,4:47:00
405,40,21,2021-10-05 19:20,2:49:00
406,40,38,2021-11-01 23:30,4:50:00
407,40,146,2021-11-04 23:30,5:48:00
408,40,14,2021-09-02 15:30,4:44:00
409,40,67,2021-10-07 19:20,5:41:00
410,40,130,2021-11-26 19:20,2:12:00
411,41,204,2021-09-06 19:20,5:36:00
412,41,219,2021-11-20 17:00,5:28:00
413,41,92,2021-09-24 17:00,7:29:00
414,41,206,2021-09-06 19:20,4:28:00
415,41,66,2021-10-02 22:00,4:45:00
416,41,121,2021-11-07 19:20,2:37:00
417,41,143,2021-11-02 17:00,5:50:00
418,41,18,2021-09-16 22:00,5:22:00
419,41,190,2021-10-21 22:00,3:52:00
420,41,84,2021-10-04 19:20,1:21:00
421,41,159,2021-11-16 22:00,3:46:00
422,41,165,2021-11-16 17:00,4:38:00
423,41,103,2021-09-30 22:00,1:36:00
424,41,141,2021-10-12 19:20,4:37:00
425,41,224,2021-10-30 19:20,7:26:00
426,42,47,2021-11-17 15:30,1:18:00
427,42,59,2021-11-08 17:00,2:15:00
428,42,89,2021-09-14 23:30,7:18:00
429,42,26,2021-11-11 0:00,1:33:00
430,42,35,2021-10-17 17:00,1:15:00
431,42,38,2021-11-06 15:30,2:27:00
432,42,194,2021-10-21 17:00,6:26:00
433,42,1,2021-11-04 17:00,5:41:00
434,42,3,2021-11-15 23:30,7:29:00
435,42,181,2021-11-23 15:30,7:42:00
436,43,179,2021-11-13 19:20,1:29:00
437,43,57,2021-09-21 23:30,4:20:00
438,43,154,2021-11-12 19:20,3:49:00
439,43,140,2021-10-23 17:00,4:41:00
440,43,53,2021-10-15 15:30,3:30:00
441,43,99,2021-09-12 22:00,2:35:00
442,43,79,2021-09-17 0:00,3:35:00
443,44,166,2021-10-11 15:30,3:37:00
444,44,187,2021-11-21 0:00,6:39:00
445,44,60,2021-11-17 0:00,3:44:00
446,44,41,2021-10-04 17:00,4:22:00
447,44,99,2021-09-04 0:00,1:27:00
448,44,93,2021-10-01 15:30,2:29:00
449,44,206,2021-09-17 17:00,7:52:00
450,44,101,2021-11-22 23:30,7:19:00
451,44,154,2021-11-09 17:00,2:21:00
452,44,72,2021-11-20 17:00,3:13:00
453,44,133,2021-11-22 19:20,3:16:00
454,44,175,2021-11-20 15:30,4:31:00
455,44,22,2021-09-14 23:30,2:54:00
456,44,146,2021-09-13 22:00,6:10:00
457,44,102,2021-10-01 22:00,5:11:00
458,44,224,2021-10-20 0:00,1:19:00
459,45,89,2021-09-01 0:00,3:43:00
460,45,14,2021-09-15 19:20,3:42:00
461,45,117,2021-11-18 0:00,3:52:00
462,45,48,2021-11-19 17:00,7:22:00
463,45,62,2021-09-04 22:00,1:39:00
464,45,199,2021-09-03 22:00,1:19:00
465,45,69,2021-11-08 19:20,4:40:00
466,45,66,2021-11-10 0:00,5:39:00
467,45,144,2021-09-13 23:30,2:49:00
468,45,189,2021-11-16 22:00,2:24:00
469,46,1,2021-10-09 19:20,7:14:00
470,46,84,2021-10-11 19:20,2:25:00
471,46,23,2021-10-24 0:00,1:28:00
472,46,156,2021-10-09 0:00,1:28:00
473,46,47,2021-10-01 15:30,3:16:00
474,47,79,2021-10-23 23:30,2:12:00
475,47,13,2021-10-24 17:00,5:27:00
476,47,2,2021-09-07 0:00,3:42:00
477,47,33,2021-11-18 19:20,1:29:00
478,47,116,2021-11-25 0:00,3:26:00
479,47,164,2021-10-27 22:00,6:18:00
480,47,208,2021-11-03 23:30,5:32:00
481,47,143,2021-09-21 19:20,3:37:00
482,48,77,2021-11-25 22:00,4:35:00
483,48,15,2021-09-30 19:20,6:55:00
484,48,217,2021-11-18 0:00,5:41:00
485,48,148,2021-09-06 0:00,1:26:00
486,48,97,2021-11-05 19:20,2:16:00
487,48,32,2021-10-07 17:00,2:12:00
488,48,152,2021-10-08 19:20,3:13:00
489,48,26,2021-10-24 22:00,7:53:00
490,48,74,2021-10-16 19:20,7:53:00
491,48,79,2021-10-01 22:00,7:36:00
492,48,109,2021-10-28 23:30,1:25:00
493,48,33,2021-09-26 22:00,6:25:00
494,48,59,2021-09-06 17:00,7:44:00
495,48,135,2021-09-25 23:30,6:20:00
496,48,34,2021-10-16 22:00,4:32:00
497,48,219,2021-09-06 15:30,1:14:00
498,48,159,2021-09-27 23:30,2:46:00
499,48,177,2021-11-30 15:30,6:21:00
500,48,185,2021-09-27 22:00,1:13:00
501,49,19,2021-11-01 23:30,1:47:00
502,49,67,2021-09-09 23:30,1:36:00
503,49,138,2021-11-05 23:30,6:21:00
504,50,147,2021-09-23 19:20,1:55:00
505,50,1,2021-09-23 0:00,1:15:00
506,50,117,2021-11-22 15:30,4:38:00
507,51,162,2021-09-08 15:30,2:33:00
508,51,140,2021-10-03 19:20,7:45:00
509,51,182,2021-10-25 19:20,3:28:00
510,51,35,2021-09-20 15:30,3:34:00
511,51,146,2021-11-22 0:00,7:14:00
512,51,203,2021-10-10 23:30,7:47:00
513,51,71,2021-10-03 0:00,1:19:00
514,51,171,2021-09-03 0:00,3:10:00
515,51,82,2021-09-19 15:30,2:27:00
516,51,209,2021-09-09 15:30,3:50:00
517,51,96,2021-10-08 0:00,2:11:00
518,51,83,2021-10-22 23:30,2:17:00
519,51,62,2021-10-04 0:00,3:26:00
520,51,202,2021-10-24 0:00,1:29:00
521,52,219,2021-10-28 15:30,6:10:00
522,52,10,2021-09-08 19:20,2:42:00
523,52,172,2021-09-13 15:30,7:33:00
524,52,109,2021-11-15 17:00,2:35:00
525,52,201,2021-10-15 22:00,2:10:00
526,52,208,2021-10-07 22:00,7:42:00
527,52,85,2021-10-11 0:00,6:23:00
528,52,205,2021-10-12 22:00,5:33:00
529,52,161,2021-09-13 19:20,3:36:00
530,52,50,2021-11-12 17:00,7:47:00
531,52,55,2021-10-30 22:00,5:24:00
532,52,204,2021-11-27 15:30,1:47:00
533,53,98,2021-11-23 15:30,4:20:00
534,53,11,2021-11-30 17:00,2:25:00
535,53,224,2021-09-03 15:30,1:55:00
536,53,124,2021-09-06 0:00,7:16:00
537,53,202,2021-10-15 23:30,3:39:00
538,53,182,2021-11-22 17:00,1:46:00
539,53,67,2021-10-04 15:30,4:13:00
540,53,103,2021-11-29 17:00,7:38:00
541,53,62,2021-10-16 17:00,1:19:00
542,53,113,2021-11-11 19:20,6:18:00
543,53,28,2021-10-06 19:20,5:32:00
544,53,122,2021-09-27 23:30,6:53:00
545,53,81,2021-10-22 23:30,1:35:00
546,53,18,2021-09-02 17:00,3:43:00
547,53,68,2021-11-25 0:00,6:14:00
548,53,141,2021-09-21 19:20,3:11:00
549,53,115,2021-10-01 22:00,5:23:00
550,53,208,2021-10-03 23:30,6:32:00
551,54,34,2021-10-08 22:00,7:51:00
552,54,84,2021-09-24 22:00,5:20:00
553,54,24,2021-10-08 23:30,6:39:00
554,54,197,2021-11-01 0:00,3:25:00
555,54,16,2021-11-06 0:00,7:49:00
556,54,175,2021-10-13 17:00,1:24:00
557,54,206,2021-11-26 17:00,6:42:00
558,54,141,2021-11-27 0:00,7:44:00
559,54,163,2021-09-09 22:00,2:32:00
560,54,19,2021-09-22 0:00,3:10:00
561,54,119,2021-11-04 15:30,1:16:00
562,54,172,2021-09-29 0:00,5:17:00
563,54,41,2021-10-22 15:30,5:55:00
564,54,214,2021-09-20 17:00,6:14:00
565,54,109,2021-09-28 0:00,3:43:00
566,54,113,2021-09-20 15:30,5:49:00
567,54,226,2021-10-29 22:00,4:52:00
568,54,46,2021-11-04 0:00,6:21:00
569,54,80,2021-11-25 23:30,3:27:00
570,54,203,2021-11-14 19:20,4:41:00
571,55,71,2021-10-05 0:00,2:39:00
572,55,209,2021-11-10 0:00,6:30:00
573,55,77,2021-11-04 19:20,3:47:00
574,55,133,2021-09-11 19:20,6:17:00
575,55,104,2021-11-28 23:30,7:22:00
576,55,195,2021-11-01 22:00,5:52:00
577,55,208,2021-10-11 15:30,5:53:00
578,55,89,2021-09-25 23:30,3:29:00
579,55,207,2021-11-18 0:00,4:27:00
580,55,184,2021-11-12 23:30,2:55:00
581,55,166,2021-09-23 23:30,7:43:00
582,55,224,2021-09-24 19:20,3:39:00
583,55,213,2021-10-13 23:30,3:17:00
584,55,115,2021-09-15 23:30,5:16:00
585,55,142,2021-11-20 15:30,5:46:00
586,56,142,2021-10-09 23:30,6:15:00
587,56,224,2021-10-22 0:00,7:29:00
588,56,3,2021-11-01 22:00,1:15:00
589,56,176,2021-09-10 19:20,6:37:00
590,56,213,2021-11-07 23:30,3:11:00
591,56,188,2021-11-02 0:00,7:54:00
592,56,54,2021-10-01 22:00,4:24:00
593,56,137,2021-11-07 15:30,2:24:00
594,56,151,2021-10-22 22:00,6:45:00
595,56,24,2021-10-24 17:00,7:45:00
596,56,143,2021-10-24 17:00,3:12:00
597,57,2,2021-11-17 0:00,3:16:00
598,57,57,2021-11-16 0:00,6:51:00
599,57,216,2021-10-30 17:00,4:47:00
600,57,60,2021-10-02 23:30,4:21:00
601,57,65,2021-10-16 19:20,1:34:00
602,58,73,2021-09-14 23:30,4:48:00
603,58,209,2021-10-04 15:30,5:23:00
604,58,155,2021-10-29 0:00,2:53:00
605,58,191,2021-10-20 0:00,3:43:00
606,58,29,2021-11-01 19:20,7:50:00
607,58,23,2021-11-30 17:00,7:48:00
608,58,77,2021-10-18 17:00,2:21:00
609,58,99,2021-11-06 15:30,1:18:00
610,59,71,2021-09-30 23:30,1:23:00
611,59,108,2021-11-27 23:30,6:51:00
612,59,201,2021-11-01 15:30,4:13:00
613,59,189,2021-09-23 19:20,6:31:00
614,59,140,2021-10-25 17:00,4:39:00
615,59,102,2021-10-28 22:00,4:19:00
616,59,76,2021-10-22 0:00,6:25:00
617,59,68,2021-11-18 23:30,3:49:00
618,59,72,2021-11-09 23:30,1:50:00
619,59,213,2021-11-20 0:00,4:35:00
620,59,143,2021-11-28 23:30,3:51:00
621,59,223,2021-09-30 23:30,4:32:00
622,59,7,2021-09-01 17:00,6:17:00
623,60,16,2021-10-01 15:30,6:25:00
624,60,207,2021-10-25 17:00,7:19:00
625,60,94,2021-11-01 15:30,5:17:00
626,60,18,2021-09-09 19:20,7:13:00
627,60,138,2021-09-08 0:00,1:37:00
628,60,204,2021-09-09 19:20,3:21:00
629,60,216,2021-11-14 17:00,7:49:00
630,60,82,2021-11-26 17:00,4:43:00
631,60,127,2021-09-23 17:00,5:51:00
632,60,31,2021-10-28 17:00,2:34:00
633,60,156,2021-10-22 15:30,2:44:00
634,60,35,2021-11-06 15:30,1:23:00
635,60,191,2021-09-11 22:00,6:39:00
636,60,46,2021-09-25 0:00,4:27:00
637,60,105,2021-10-05 15:30,2:50:00
638,60,152,2021-10-06 22:00,2:18:00
639,60,89,2021-11-20 17:00,6:12:00
640,60,145,2021-09-02 23:30,7:56:00
641,61,160,2021-09-20 0:00,1:34:00
642,61,140,2021-10-07 19:20,6:11:00
643,61,74,2021-10-29 0:00,4:49:00
644,61,180,2021-11-03 22:00,7:17:00
645,61,191,2021-10-01 23:30,1:15:00
646,61,184,2021-09-06 19:20,4:54:00
647,61,202,2021-10-26 17:00,6:34:00
648,61,113,2021-11-12 15:30,6:29:00
649,61,111,2021-10-17 23:30,4:46:00
650,61,134,2021-10-04 19:20,5:53:00
651,62,12,2021-09-13 17:00,6:14:00
652,62,125,2021-09-08 15:30,1:17:00
653,62,18,2021-11-03 23:30,4:35:00
654,62,21,2021-11-25 0:00,4:21:00
655,62,180,2021-10-11 23:30,4:44:00
656,62,31,2021-09-17 23:30,3:52:00
657,63,132,2021-11-19 19:20,4:20:00
658,63,8,2021-11-22 15:30,6:10:00
659,64,83,2021-11-12 17:00,4:51:00
660,64,46,2021-10-11 0:00,1:46:00
661,64,77,2021-10-04 23:30,4:43:00
662,64,177,2021-10-28 0:00,2:13:00
663,64,15,2021-10-26 0:00,3:53:00
664,64,13,2021-10-13 17:00,4:10:00
665,64,8,2021-10-05 17:00,3:20:00
666,64,29,2021-09-27 17:00,4:39:00
667,64,155,2021-11-07 17:00,5:42:00
668,64,118,2021-11-01 17:00,3:30:00
669,64,174,2021-11-03 23:30,7:47:00
670,64,93,2021-10-16 17:00,2:32:00
671,64,26,2021-10-16 17:00,5:25:00
672,64,130,2021-10-22 19:20,5:41:00
673,65,70,2021-11-03 0:00,2:48:00
674,65,90,2021-11-30 0:00,6:46:00
675,65,38,2021-09-10 19:20,1:10:00
676,65,89,2021-11-16 19:20,2:36:00
677,65,146,2021-09-12 22:00,3:46:00
678,65,1,2021-10-04 22:00,6:39:00
679,65,207,2021-11-06 23:30,4:17:00
680,65,15,2021-10-03 15:30,4:38:00
681,65,219,2021-09-01 19:20,7:55:00
682,65,45,2021-11-18 19:20,1:14:00
683,65,173,2021-10-04 19:20,3:26:00
684,65,57,2021-10-01 17:00,5:48:00
685,65,112,2021-10-17 15:30,6:36:00
686,66,33,2021-10-29 22:00,4:53:00
687,66,225,2021-09-03 19:20,2:49:00
688,66,50,2021-11-08 0:00,6:24:00
689,66,102,2021-09-03 23:30,2:36:00
690,66,51,2021-11-21 22:00,1:11:00
691,66,125,2021-09-12 17:00,5:40:00
692,66,138,2021-09-04 0:00,7:23:00
693,66,178,2021-11-18 15:30,3:15:00
694,66,37,2021-11-24 17:00,7:18:00
695,66,65,2021-10-21 0:00,1:22:00
696,66,48,2021-11-01 23:30,6:13:00
697,66,157,2021-10-28 19:20,1:38:00
698,66,136,2021-09-11 0:00,7:53:00
699,66,7,2021-10-14 0:00,2:15:00
700,66,13,2021-10-18 22:00,1:27:00
701,66,45,2021-10-21 22:00,5:32:00
702,66,116,2021-11-30 19:20,7:38:00
703,67,58,2021-09-06 19:20,5:36:00
704,67,221,2021-11-19 22:00,4:24:00
705,68,29,2021-09-13 0:00,3:26:00
706,68,163,2021-09-19 19:20,3:23:00
707,69,184,2021-09-25 23:30,4:33:00
708,69,136,2021-09-17 17:00,5:17:00
709,69,224,2021-09-03 17:00,2:14:00
710,69,151,2021-09-30 15:30,5:16:00
711,69,137,2021-11-24 22:00,7:37:00
712,69,168,2021-09-27 0:00,3:35:00
713,69,110,2021-09-24 23:30,4:27:00
714,70,68,2021-09-21 17:00,5:41:00
715,70,98,2021-10-26 19:20,1:18:00
716,70,138,2021-11-04 23:30,2:30:00
717,70,41,2021-10-23 23:30,1:45:00
718,70,30,2021-09-20 22:00,7:27:00
719,70,31,2021-10-16 19:20,5:47:00
720,70,210,2021-11-09 22:00,6:37:00
721,70,226,2021-09-06 17:00,1:43:00
722,70,55,2021-10-14 19:20,1:12:00
723,70,54,2021-09-21 15:30,6:24:00
724,70,114,2021-09-08 23:30,3:47:00
725,70,110,2021-10-09 22:00,3:49:00
726,71,36,2021-09-05 23:30,7:48:00
727,71,100,2021-10-14 22:00,4:37:00
728,71,91,2021-09-23 23:30,4:40:00
729,71,101,2021-10-07 17:00,5:15:00
730,71,196,2021-10-24 15:30,6:45:00
731,71,85,2021-11-25 15:30,7:53:00
732,72,165,2021-10-19 17:00,3:50:00
733,72,141,2021-09-04 17:00,2:27:00
734,72,189,2021-10-23 17:00,7:10:00
735,72,47,2021-11-07 23:30,6:17:00
736,72,39,2021-09-18 0:00,3:31:00
737,72,222,2021-11-29 0:00,7:52:00
738,72,49,2021-10-27 17:00,7:42:00
739,72,208,2021-09-06 15:30,2:13:00
740,72,27,2021-11-01 22:00,2:23:00
741,72,113,2021-09-23 23:30,6:17:00
742,72,124,2021-10-05 22:00,6:32:00
743,72,32,2021-10-26 15:30,2:49:00
744,72,211,2021-11-06 0:00,3:28:00
745,73,218,2021-09-28 17:00,6:27:00
746,73,121,2021-09-02 17:00,1:33:00
747,73,87,2021-09-28 17:00,6:51:00
748,73,182,2021-09-15 0:00,1:52:00
749,73,43,2021-11-28 17:00,4:50:00
750,73,140,2021-09-29 22:00,4:18:00
751,73,170,2021-09-27 15:30,5:21:00
752,73,210,2021-11-06 0:00,4:37:00
753,73,26,2021-11-18 0:00,6:45:00
754,73,13,2021-11-11 19:20,5:35:00
755,73,74,2021-09-23 17:00,4:49:00
756,73,176,2021-11-23 23:30,4:55:00
757,73,180,2021-09-01 0:00,4:26:00
758,73,169,2021-11-20 23:30,2:22:00
759,73,114,2021-10-09 15:30,7:18:00
760,73,193,2021-11-13 23:30,1:17:00
761,74,62,2021-10-18 15:30,7:27:00
762,74,5,2021-10-01 0:00,1:17:00
763,74,18,2021-10-11 23:30,2:44:00
764,74,201,2021-10-04 15:30,5:18:00
765,74,113,2021-11-28 22:00,1:33:00
766,74,110,2021-10-29 22:00,2:32:00
767,74,9,2021-10-17 0:00,4:54:00
768,74,213,2021-11-02 15:30,6:16:00
769,74,100,2021-10-02 22:00,6:46:00
770,74,38,2021-11-16 0:00,7:44:00
771,74,53,2021-09-23 22:00,2:52:00
772,74,143,2021-09-07 19:20,4:45:00
773,74,214,2021-11-30 17:00,3:35:00
774,74,86,2021-09-07 15:30,2:18:00
775,74,138,2021-10-12 22:00,6:32:00
776,74,55,2021-09-06 19:20,7:46:00
777,74,180,2021-09-27 17:00,6:53:00
778,74,50,2021-11-01 22:00,5:50:00
779,75,108,2021-11-18 15:30,2:25:00
780,75,119,2021-09-08 22:00,5:43:00
781,75,152,2021-10-02 19:20,3:16:00
782,75,153,2021-09-23 23:30,5:30:00
783,75,54,2021-10-25 0:00,1:24:00
784,75,66,2021-09-16 17:00,3:37:00
785,75,187,2021-11-12 0:00,4:19:00
786,75,172,2021-09-06 0:00,3:29:00
787,75,70,2021-11-13 17:00,2:41:00
788,75,1,2021-09-12 22:00,1:50:00
789,75,65,2021-10-20 15:30,6:31:00
790,75,89,2021-09-21 17:00,1:20:00
791,76,157,2021-09-15 0:00,1:48:00
792,76,150,2021-11-25 15:30,7:32:00
793,76,40,2021-11-13 23:30,1:37:00
794,76,225,2021-11-15 19:20,2:42:00
795,77,4,2021-09-21 17:00,6:38:00
796,77,224,2021-09-18 0:00,4:10:00
797,77,32,2021-09-09 22:00,1:25:00
798,77,26,2021-10-26 15:30,3:31:00
799,77,20,2021-11-20 23:30,3:29:00
800,77,79,2021-11-11 0:00,3:50:00
801,77,55,2021-10-22 22:00,3:47:00
802,77,215,2021-11-21 22:00,5:37:00
803,77,192,2021-09-25 15:30,6:44:00
804,77,11,2021-09-09 17:00,7:55:00
805,77,45,2021-09-09 0:00,7:30:00
806,77,168,2021-09-25 0:00,7:20:00
807,77,147,2021-09-01 15:30,4:32:00
808,77,53,2021-09-26 15:30,7:51:00
809,77,181,2021-11-24 15:30,1:31:00
810,77,64,2021-11-22 23:30,7:38:00
811,77,82,2021-10-11 15:30,2:46:00
812,78,160,2021-10-25 15:30,7:50:00
813,78,56,2021-11-15 17:00,1:23:00
814,78,204,2021-11-02 23:30,1:48:00
815,78,17,2021-10-14 0:00,6:39:00
816,78,120,2021-11-28 15:30,5:26:00
817,78,134,2021-10-04 15:30,6:15:00
818,78,158,2021-09-24 22:00,6:16:00
819,78,106,2021-09-04 17:00,3:47:00
820,78,36,2021-09-08 15:30,2:15:00
821,78,176,2021-10-27 19:20,1:33:00
822,78,117,2021-10-26 23:30,5:54:00
823,79,217,2021-09-02 15:30,1:47:00
824,79,121,2021-11-24 22:00,5:12:00
825,79,37,2021-11-01 22:00,1:29:00
826,79,225,2021-10-30 19:20,3:31:00
827,79,150,2021-11-08 17:00,2:17:00
828,79,91,2021-10-27 0:00,3:36:00
829,79,116,2021-09-18 0:00,4:49:00
830,79,226,2021-09-06 23:30,4:46:00
831,79,181,2021-11-22 15:30,1:28:00
832,79,127,2021-11-04 22:00,3:44:00
833,79,201,2021-10-05 15:30,5:22:00
834,79,65,2021-09-24 17:00,3:52:00
835,79,66,2021-11-30 17:00,7:44:00
836,80,103,2021-09-01 22:00,3:44:00
837,80,182,2021-11-20 15:30,1:27:00
838,80,83,2021-11-21 23:30,6:14:00
839,80,111,2021-09-07 15:30,7:26:00
840,80,124,2021-10-01 19:20,6:27:00
841,80,173,2021-11-11 0:00,5:51:00
842,80,45,2021-11-22 22:00,3:11:00
843,80,139,2021-11-20 23:30,5:17:00
844,80,156,2021-11-22 22:00,4:47:00
845,80,223,2021-10-23 19:20,7:35:00
846,80,35,2021-10-17 15:30,2:30:00
847,80,163,2021-10-14 22:00,6:26:00
848,80,114,2021-11-08 15:30,6:18:00
849,80,179,2021-11-28 15:30,6:12:00
850,80,174,2021-09-20 17:00,3:39:00
851,80,192,2021-10-20 19:20,3:39:00
852,81,97,2021-11-29 15:30,4:45:00
853,81,37,2021-11-02 0:00,3:28:00
854,81,158,2021-09-09 15:30,2:21:00
855,81,169,2021-09-15 23:30,6:49:00
856,82,94,2021-09-27 23:30,5:44:00
857,82,76,2021-11-22 19:20,7:11:00
858,82,171,2021-09-22 23:30,6:55:00
859,82,99,2021-09-23 19:20,6:29:00
860,82,114,2021-11-03 17:00,6:38:00
861,82,49,2021-10-03 19:20,2:35:00
862,82,95,2021-10-01 15:30,1:49:00
863,82,53,2021-11-02 22:00,2:23:00
864,82,126,2021-11-23 17:00,6:20:00
865,82,127,2021-11-16 23:30,6:53:00
866,82,86,2021-09-26 17:00,5:52:00
867,82,191,2021-10-01 19:20,1:40:00
868,83,160,2021-10-30 19:20,3:29:00
869,83,175,2021-10-20 0:00,4:34:00
870,83,129,2021-09-10 19:20,4:48:00
871,83,114,2021-09-11 22:00,2:17:00
872,83,32,2021-09-04 19:20,5:28:00
873,83,49,2021-11-25 22:00,1:39:00
874,83,36,2021-09-07 17:00,4:53:00
875,83,88,2021-11-01 22:00,2:42:00
876,83,7,2021-11-15 23:30,2:32:00
877,83,22,2021-10-04 23:30,2:41:00
878,83,131,2021-11-22 22:00,5:53:00
879,83,184,2021-11-03 0:00,7:16:00
880,83,164,2021-09-26 15:30,6:48:00
881,83,157,2021-11-13 22:00,2:11:00
882,83,71,2021-09-03 23:30,1:25:00
883,83,162,2021-09-22 22:00,5:17:00
884,83,149,2021-09-14 22:00,1:29:00
885,83,163,2021-10-24 15:30,6:30:00
886,84,217,2021-10-21 15:30,6:23:00
887,84,152,2021-10-11 17:00,3:22:00
888,84,17,2021-10-27 23:30,1:55:00
889,84,103,2021-11-14 23:30,4:15:00
890,84,63,2021-10-17 15:30,4:26:00
891,84,96,2021-11-23 15:30,4:55:00
892,84,84,2021-11-26 17:00,1:25:00
893,84,6,2021-11-16 0:00,5:29:00
894,84,77,2021-10-01 22:00,1:35:00
895,85,151,2021-09-05 22:00,3:55:00
896,85,71,2021-09-16 17:00,7:27:00
897,85,6,2021-11-29 0:00,7:16:00
898,85,31,2021-10-27 15:30,4:23:00
899,85,113,2021-10-11 23:30,1:40:00
900,85,221,2021-11-10 19:20,4:49:00
901,86,137,2021-10-18 23:30,7:31:00
902,86,154,2021-11-20 23:30,3:52:00
903,86,146,2021-11-22 19:20,5:26:00
904,86,73,2021-09-24 15:30,6:38:00
905,86,31,2021-09-28 15:30,3:38:00
906,86,49,2021-10-30 19:20,5:40:00
907,86,28,2021-11-07 15:30,6:24:00
908,86,213,2021-10-13 17:00,5:29:00
909,86,62,2021-09-15 22:00,5:51:00
910,87,225,2021-09-15 23:30,7:29:00
911,87,80,2021-11-05 15:30,6:14:00
912,87,44,2021-09-15 23:30,3:38:00
913,87,102,2021-09-08 15:30,1:39:00
914,87,151,2021-10-28 23:30,1:18:00
915,87,124,2021-10-09 17:00,5:47:00
916,87,129,2021-11-28 15:30,5:19:00
917,87,73,2021-10-07 15:30,7:35:00
918,87,115,2021-09-18 23:30,4:51:00
919,87,81,2021-09-10 19:20,5:46:00
920,87,145,2021-11-07 22:00,7:42:00
921,88,176,2021-11-12 22:00,2:49:00
922,88,90,2021-10-26 15:30,1:15:00
923,88,71,2021-11-29 19:20,4:53:00
924,88,88,2021-10-21 22:00,2:30:00
925,88,11,2021-10-20 22:00,3:52:00
926,88,130,2021-10-28 23:30,1:20:00
927,88,169,2021-09-26 17:00,3:51:00
928,88,78,2021-09-18 15:30,4:43:00
929,88,56,2021-11-24 0:00,3:40:00
930,89,58,2021-10-24 0:00,5:21:00
931,89,175,2021-11-29 19:20,4:31:00
932,89,137,2021-10-10 0:00,4:28:00
933,89,214,2021-10-02 0:00,2:25:00
934,89,190,2021-10-05 22:00,7:26:00
935,89,95,2021-10-22 17:00,3:10:00
936,89,197,2021-11-02 22:00,2:17:00
937,90,219,2021-10-10 17:00,7:22:00
938,90,25,2021-11-19 17:00,4:55:00
939,90,28,2021-09-20 0:00,1:22:00
940,90,161,2021-09-04 15:30,6:34:00
941,90,165,2021-11-16 19:20,7:53:00
942,90,183,2021-09-20 23:30,4:33:00
943,90,18,2021-11-21 23:30,5:51:00
944,90,224,2021-10-05 17:00,5:23:00
945,90,225,2021-11-21 22:00,2:51:00
946,91,138,2021-10-22 22:00,3:39:00
947,91,10,2021-11-14 23:30,6:36:00
948,91,46,2021-11-26 22:00,3:42:00
949,91,177,2021-09-25 19:20,1:13:00
950,91,39,2021-09-03 23:30,5:23:00
951,91,81,2021-10-16 15:30,7:41:00
952,91,54,2021-10-27 22:00,1:23:00
953,91,103,2021-10-28 19:20,6:51:00
954,91,59,2021-09-03 19:20,3:26:00
955,91,94,2021-11-09 17:00,4:50:00
956,91,180,2021-10-29 22:00,2:18:00
957,91,144,2021-09-20 17:00,7:13:00
958,91,118,2021-11-04 0:00,2:45:00
959,91,104,2021-09-07 22:00,4:50:00
960,91,5,2021-10-29 19:20,7:24:00
961,91,97,2021-09-23 19:20,7:46:00
962,91,209,2021-11-14 17:00,2:29:00
963,91,11,2021-09-13 15:30,2:22:00
964,92,197,2021-11-17 23:30,7:50:00
965,92,13,2021-09-05 23:30,6:42:00
966,92,46,2021-09-13 23:30,3:39:00
967,92,27,2021-10-13 19:20,6:38:00
968,92,190,2021-10-16 17:00,3:43:00
969,92,109,2021-11-19 19:20,7:32:00
970,92,123,2021-10-08 17:00,3:22:00
971,92,4,2021-11-11 17:00,1:30:00
972,92,50,2021-09-01 15:30,3:25:00
973,92,1,2021-11-08 19:20,7:13:00
974,92,198,2021-10-07 15:30,7:26:00
975,92,202,2021-09-10 23:30,1:41:00
976,92,224,2021-10-14 0:00,7:17:00
977,92,204,2021-10-03 22:00,6:27:00
978,92,184,2021-10-06 0:00,2:38:00
979,92,17,2021-11-26 19:20,3:49:00
980,93,73,2021-11-30 15:30,5:10:00
981,93,195,2021-11-14 15:30,1:48:00
982,93,39,2021-11-15 23:30,3:20:00
983,93,31,2021-09-16 22:00,6:44:00
984,93,173,2021-10-12 0:00,4:39:00
985,93,51,2021-10-10 15:30,3:29:00
986,93,170,2021-09-28 15:30,7:38:00
987,93,171,2021-11-21 22:00,1:49:00
988,93,163,2021-11-20 19:20,6:23:00
989,93,23,2021-10-26 15:30,2:26:00
990,94,64,2021-10-21 19:20,7:36:00
991,94,116,2021-11-11 15:30,5:26:00
992,94,23,2021-10-05 15:30,7:40:00
993,94,118,2021-11-24 0:00,2:26:00
994,94,184,2021-10-19 15:30,5:12:00
995,94,18,2021-10-13 17:00,5:46:00
996,94,147,2021-11-16 22:00,4:39:00
997,94,206,2021-10-16 22:00,5:43:00
998,94,168,2021-11-06 19:20,3:46:00
999,94,131,2021-10-13 0:00,7:19:00
1000,94,80,2021-09-23 22:00,2:31:00
1001,94,99,2021-11-04 15:30,6:44:00
1002,94,26,2021-09-03 15:30,7:23:00
1003,94,66,2021-09-18 19:20,3:16:00
1004,95,29,2021-10-12 22:00,1:45:00
1005,95,54,2021-11-25 22:00,5:55:00
1006,95,142,2021-09-05 0:00,7:36:00
1007,95,8,2021-09-06 17:00,1:14:00
1008,96,68,2021-11-05 17:00,4:10:00
1009,96,117,2021-10-22 15:30,2:15:00
1010,96,66,2021-09-25 0:00,4:35:00
1011,96,121,2021-09-08 0:00,1:40:00
1012,96,163,2021-11-25 0:00,7:42:00
1013,96,112,2021-09-06 15:30,1:21:00
1014,96,30,2021-09-26 19:20,6:54:00
1015,96,120,2021-11-19 23:30,5:20:00
1016,96,176,2021-10-01 22:00,2:17:00
1017,96,110,2021-10-09 19:20,6:15:00
1018,96,207,2021-10-11 23:30,6:55:00
1019,97,40,2021-09-18 22:00,7:31:00
1020,97,64,2021-09-09 0:00,4:53:00
1021,97,68,2021-10-03 23:30,3:43:00
1022,97,97,2021-11-05 17:00,2:32:00
1023,97,201,2021-11-25 22:00,2:20:00
1024,97,116,2021-11-12 15:30,7:47:00
1025,97,82,2021-09-08 0:00,1:39:00
1026,97,115,2021-11-04 22:00,2:47:00
1027,97,105,2021-09-15 19:20,6:20:00
1028,97,54,2021-09-17 23:30,6:35:00
1029,97,118,2021-10-08 23:30,3:55:00
1030,97,79,2021-11-01 23:30,2:23:00
1031,97,93,2021-09-19 15:30,3:22:00
1032,97,39,2021-10-27 17:00,2:11:00
1033,97,98,2021-11-20 0:00,5:52:00
1034,97,209,2021-11-27 15:30,3:27:00
1035,97,95,2021-10-16 15:30,1:18:00
1036,97,123,2021-09-22 22:00,4:24:00
1037,98,223,2021-09-05 0:00,6:53:00
1038,98,153,2021-09-19 17:00,6:23:00
1039,98,201,2021-11-13 19:20,4:22:00
1040,98,202,2021-11-10 22:00,7:15:00
1041,98,175,2021-10-27 0:00,6:40:00
1042,99,205,2021-09-10 15:30,5:29:00
1043,99,222,2021-11-06 17:00,2:28:00
1044,99,11,2021-10-23 15:30,4:51:00
1045,99,26,2021-10-03 15:30,5:16:00
1046,99,46,2021-11-21 15:30,1:21:00
1047,99,51,2021-11-04 0:00,1:51:00
1048,99,90,2021-09-12 0:00,7:46:00
1049,99,117,2021-10-19 19:20,4:16:00
1050,100,197,2021-09-08 22:00,2:10:00
1051,100,168,2021-09-01 23:30,3:46:00
1052,100,107,2021-11-08 19:20,7:50:00
1053,100,36,2021-09-13 23:30,3:42:00
1054,100,218,2021-11-23 22:00,6:51:00
1055,100,127,2021-09-22 15:30,2:49:00
1056,100,119,2021-09-19 19:20,6:24:00
1057,100,196,2021-11-21 17:00,5:31:00
1058,100,85,2021-10-26 22:00,3:50:00
1059,100,104,2021-11-01 19:20,7:22:00
1060,100,46,2021-10-17 15:30,3:52:00
1061,100,66,2021-11-30 0:00,5:37:00
1062,100,204,2021-09-07 22:00,3:17:00
1063,100,138,2021-11-29 17:00,7:49:00
1064,100,164,2021-10-05 0:00,2:36:00
1065,100,53,2021-11-02 22:00,7:31:00
1066,100,22,2021-11-06 17:00,4:26:00
1067,100,193,2021-09-28 17:00,5:52:00
1068,100,186,2021-10-01 0:00,6:54:00
1069,101,51,2021-10-03 19:20,2:41:00
1070,101,158,2021-10-28 17:00,3:16:00
1071,101,132,2021-11-24 17:00,2:48:00
1072,101,10,2021-11-08 23:30,2:21:00
1073,101,119,2021-10-20 0:00,3:12:00
1074,101,26,2021-09-23 17:00,4:38:00
1075,101,147,2021-11-06 22:00,2:13:00
1076,101,60,2021-11-02 22:00,6:18:00
1077,101,42,2021-09-28 19:20,1:50:00
1078,101,182,2021-11-27 17:00,3:24:00
1079,101,117,2021-09-15 23:30,3:11:00
1080,101,65,2021-10-20 0:00,6:52:00
1081,101,220,2021-10-20 22:00,7:18:00
1082,101,11,2021-10-08 0:00,4:45:00
1083,102,167,2021-10-19 15:30,1:28:00
1084,102,45,2021-09-01 0:00,2:25:00
1085,102,127,2021-11-22 23:30,3:22:00
1086,102,101,2021-09-02 19:20,5:42:00
1087,102,203,2021-10-12 0:00,6:17:00
1088,102,195,2021-10-08 22:00,5:17:00
1089,102,199,2021-10-30 15:30,2:13:00
1090,102,204,2021-09-07 15:30,3:54:00
1091,102,11,2021-10-01 17:00,2:17:00
1092,102,70,2021-10-06 19:20,7:39:00
1093,102,71,2021-11-22 19:20,2:18:00
1094,102,164,2021-09-13 23:30,1:51:00
1095,102,226,2021-10-15 19:20,1:31:00
1096,102,30,2021-11-28 23:30,6:44:00
1097,102,217,2021-09-10 22:00,6:23:00
1098,103,140,2021-09-06 17:00,4:34:00
1099,103,168,2021-11-16 0:00,1:18:00
1100,103,19,2021-11-15 0:00,3:17:00
1101,103,152,2021-11-12 19:20,5:30:00
1102,104,23,2021-10-14 0:00,6:20:00
1103,104,206,2021-09-25 19:20,1:53:00
1104,104,3,2021-11-17 23:30,1:42:00
1105,104,148,2021-10-22 23:30,5:49:00
1106,104,106,2021-11-26 0:00,2:15:00
1107,104,219,2021-09-25 19:20,3:14:00
1108,104,187,2021-09-01 22:00,3:40:00
1109,104,34,2021-09-26 22:00,2:25:00
1110,104,192,2021-10-22 15:30,1:53:00
1111,104,189,2021-10-10 17:00,3:27:00
1112,104,174,2021-11-14 22:00,6:30:00
1113,104,77,2021-10-14 15:30,5:28:00
1114,104,39,2021-11-11 19:20,7:47:00
1115,104,203,2021-09-21 19:20,4:27:00
1116,105,79,2021-10-01 15:30,3:10:00
1117,105,175,2021-09-13 17:00,4:51:00
1118,105,30,2021-10-17 23:30,2:21:00
1119,105,69,2021-09-26 23:30,6:33:00
1120,106,88,2021-11-06 0:00,4:52:00
1121,106,155,2021-10-24 19:20,7:24:00
1122,106,207,2021-11-18 23:30,5:20:00
1123,106,196,2021-11-07 22:00,6:36:00
1124,106,10,2021-10-02 23:30,3:11:00
1125,106,123,2021-10-20 22:00,7:49:00
1126,106,85,2021-10-01 0:00,1:32:00
1127,106,5,2021-10-08 17:00,1:15:00
1128,106,188,2021-10-13 22:00,6:44:00
1129,106,177,2021-09-28 22:00,5:47:00
1130,106,135,2021-09-21 0:00,1:42:00
1131,106,212,2021-11-22 23:30,1:23:00
1132,106,95,2021-09-04 22:00,3:50:00
1133,106,41,2021-11-21 15:30,2:53:00
1134,106,171,2021-11-19 0:00,7:19:00
1135,106,26,2021-11-28 22:00,7:21:00
1136,106,179,2021-09-28 17:00,2:22:00
1137,106,127,2021-09-07 23:30,5:15:00
1138,106,100,2021-10-10 23:30,7:25:00
1139,106,20,2021-10-24 0:00,4:30:00
1140,107,113,2021-10-27 19:20,3:53:00
1141,107,177,2021-10-26 15:30,1:50:00
1142,108,148,2021-11-01 23:30,7:27:00
1143,108,130,2021-10-18 17:00,1:20:00
1144,108,70,2021-10-29 17:00,6:46:00
1145,108,77,2021-11-26 23:30,3:32:00
1146,108,164,2021-11-27 17:00,4:19:00
1147,108,182,2021-10-03 19:20,3:24:00
1148,108,10,2021-10-20 19:20,3:16:00
1149,108,4,2021-11-18 15:30,7:36:00
1150,108,79,2021-10-13 15:30,4:30:00
1151,108,157,2021-10-07 17:00,6:47:00
1152,108,52,2021-09-21 15:30,5:38:00
1153,108,159,2021-11-18 0:00,6:32:00
1154,108,15,2021-09-01 19:20,4:27:00
1155,108,101,2021-11-12 0:00,6:43:00
1156,108,3,2021-10-03 15:30,6:53:00
1157,109,167,2021-10-07 19:20,2:20:00
1158,109,58,2021-10-12 0:00,4:30:00
1159,109,133,2021-11-13 19:20,2:26:00
1160,109,164,2021-09-28 15:30,6:18:00
1161,109,112,2021-10-15 19:20,4:55:00
1162,109,178,2021-09-14 0:00,4:19:00
1163,109,87,2021-09-02 19:20,5:13:00
1164,109,176,2021-10-14 23:30,1:36:00
1165,109,179,2021-11-10 17:00,4:29:00
1166,109,127,2021-09-16 0:00,2:18:00
1167,109,183,2021-09-08 22:00,5:51:00
1168,110,123,2021-10-11 23:30,5:20:00
1169,110,83,2021-11-03 22:00,4:27:00
1170,111,222,2021-10-19 23:30,6:20:00
1171,111,135,2021-11-17 22:00,5:36:00
1172,111,16,2021-10-01 22:00,3:13:00
1173,111,80,2021-10-29 23:30,4:25:00
1174,111,124,2021-09-23 19:20,4:26:00
1175,111,105,2021-11-07 23:30,5:25:00
1176,111,102,2021-09-15 15:30,5:49:00
1177,111,33,2021-11-01 23:30,2:37:00
1178,111,81,2021-09-18 17:00,5:33:00
1179,111,217,2021-11-03 22:00,1:23:00
1180,111,92,2021-09-14 0:00,2:29:00
1181,111,153,2021-10-19 22:00,4:46:00
1182,111,191,2021-11-21 17:00,2:39:00
1183,111,6,2021-10-17 0:00,4:30:00
1184,111,209,2021-09-07 22:00,6:45:00
1185,111,220,2021-11-16 17:00,1:26:00
1186,111,138,2021-09-01 19:20,3:38:00
1187,112,135,2021-11-09 19:20,5:24:00
1188,112,188,2021-09-10 0:00,2:43:00
1189,112,50,2021-09-18 15:30,1:27:00
1190,112,61,2021-11-26 15:30,7:45:00
1191,112,220,2021-09-04 17:00,5:16:00
1192,113,202,2021-10-19 17:00,4:20:00
1193,113,200,2021-09-29 23:30,7:19:00
1194,113,3,2021-11-24 23:30,4:48:00
1195,113,49,2021-11-25 15:30,3:49:00
1196,113,168,2021-11-21 23:30,4:22:00
1197,113,129,2021-11-28 19:20,4:39:00
1198,113,185,2021-11-26 0:00,2:47:00
1199,113,79,2021-11-28 0:00,3:33:00
1200,113,209,2021-10-16 19:20,2:25:00
1201,113,94,2021-10-03 19:20,5:41:00
1202,113,164,2021-10-02 22:00,6:20:00
1203,113,182,2021-11-20 17:00,3:29:00
1204,113,139,2021-10-28 22:00,3:41:00
1205,113,193,2021-09-12 22:00,5:14:00
1206,113,67,2021-10-26 17:00,5:17:00
1207,113,219,2021-11-26 15:30,7:54:00
1208,113,150,2021-10-14 23:30,4:13:00
1209,114,191,2021-10-21 23:30,2:28:00
1210,114,206,2021-09-02 17:00,4:47:00
1211,114,27,2021-09-04 0:00,2:49:00
1212,114,223,2021-09-16 17:00,1:15:00
1213,114,35,2021-10-29 15:30,4:34:00
1214,114,12,2021-09-18 0:00,3:42:00
1215,114,150,2021-10-06 0:00,3:24:00
1216,114,7,2021-09-06 23:30,3:29:00
1217,114,136,2021-10-16 15:30,6:21:00
1218,114,184,2021-11-28 22:00,4:38:00
1219,114,175,2021-09-21 15:30,3:35:00
1220,114,2,2021-10-04 22:00,2:19:00
1221,114,58,2021-10-12 17:00,7:54:00
1222,114,70,2021-11-11 0:00,5:54:00
1223,114,5,2021-11-18 0:00,5:12:00
1224,114,62,2021-11-25 0:00,5:35:00
1225,114,63,2021-09-25 15:30,7:28:00
1226,114,71,2021-09-29 15:30,3:52:00
1227,115,204,2021-09-12 15:30,3:32:00
1228,115,106,2021-09-21 19:20,3:27:00
1229,115,215,2021-09-09 22:00,6:46:00
1230,115,196,2021-11-22 15:30,3:18:00
1231,115,7,2021-10-19 17:00,3:21:00
1232,115,171,2021-11-11 0:00,4:52:00
1233,115,85,2021-11-10 0:00,2:37:00
1234,115,207,2021-09-18 17:00,2:22:00
1235,115,129,2021-09-09 19:20,1:31:00
1236,115,168,2021-11-24 22:00,3:50:00
1237,115,45,2021-11-19 23:30,3:11:00
1238,115,59,2021-11-22 23:30,6:33:00
1239,115,83,2021-10-26 22:00,7:50:00
1240,115,31,2021-10-01 23:30,1:24:00
1241,115,187,2021-10-08 15:30,4:14:00
1242,115,101,2021-10-27 23:30,4:39:00
1243,116,42,2021-11-25 19:20,3:16:00
1244,116,142,2021-11-28 23:30,5:51:00
1245,116,46,2021-10-27 22:00,7:24:00
1246,116,188,2021-10-09 22:00,4:12:00
1247,116,150,2021-09-09 0:00,2:48:00
1248,116,75,2021-11-19 19:20,2:15:00
1249,116,16,2021-11-23 19:20,3:53:00
1250,116,40,2021-11-10 0:00,3:36:00
1251,116,151,2021-09-14 23:30,1:16:00
1252,116,105,2021-11-06 0:00,3:44:00
1253,116,52,2021-11-11 23:30,6:12:00
1254,117,126,2021-10-12 0:00,2:11:00
1255,117,216,2021-09-03 19:20,3:12:00
1256,117,217,2021-10-19 22:00,1:24:00
1257,117,28,2021-10-11 22:00,1:10:00
1258,117,107,2021-10-23 0:00,5:23:00
1259,117,8,2021-11-20 0:00,7:23:00
1260,117,36,2021-11-29 19:20,5:52:00
1261,117,49,2021-10-23 17:00,4:39:00
1262,117,98,2021-10-06 15:30,3:54:00
1263,118,196,2021-11-28 17:00,1:44:00
1264,118,180,2021-10-19 23:30,5:43:00
1265,118,92,2021-11-04 22:00,2:17:00
1266,118,130,2021-10-04 15:30,6:47:00
1267,118,131,2021-10-25 15:30,4:40:00
1268,118,125,2021-11-27 15:30,2:21:00
1269,119,36,2021-10-08 22:00,4:31:00
1270,119,62,2021-09-30 15:30,7:41:00
1271,119,98,2021-10-11 15:30,5:26:00
1272,119,56,2021-10-20 0:00,4:10:00
1273,119,63,2021-11-16 19:20,6:25:00
1274,119,225,2021-11-07 23:30,3:14:00
1275,119,22,2021-10-15 0:00,2:40:00
1276,119,192,2021-11-08 17:00,3:11:00
1277,119,185,2021-11-15 22:00,7:13:00
1278,119,86,2021-09-30 19:20,4:34:00
1279,119,84,2021-10-25 17:00,4:49:00
1280,119,40,2021-09-03 23:30,4:49:00
1281,119,131,2021-11-06 23:30,5:44:00
1282,119,180,2021-10-19 17:00,2:17:00
1283,119,141,2021-10-03 15:30,7:23:00
1284,119,161,2021-10-18 19:20,2:18:00
1285,119,165,2021-09-03 15:30,2:23:00
1286,119,91,2021-09-08 17:00,7:32:00
1287,120,96,2021-11-11 17:00,2:42:00
1288,120,86,2021-09-01 22:00,1:18:00
1289,120,134,2021-09-24 0:00,3:53:00
1290,120,34,2021-09-17 15:30,5:20:00
1291,120,91,2021-11-15 19:20,3:14:00
1292,120,209,2021-10-10 19:20,5:24:00
1293,120,100,2021-09-06 19:20,3:30:00
1294,120,195,2021-11-27 17:00,4:21:00
1295,120,79,2021-10-13 15:30,1:16:00
1296,121,100,2021-10-06 23:30,2:12:00
1297,121,126,2021-11-29 15:30,4:52:00
1298,121,41,2021-09-12 22:00,1:45:00
1299,121,32,2021-09-17 17:00,4:30:00
1300,121,198,2021-09-04 19:20,4:49:00
1301,121,226,2021-10-23 0:00,2:23:00
1302,121,57,2021-11-16 0:00,2:28:00
1303,121,220,2021-11-29 23:30,1:18:00
1304,121,13,2021-09-18 19:20,5:12:00
1305,121,222,2021-10-27 17:00,3:24:00
1306,121,27,2021-09-12 15:30,7:43:00
1307,121,82,2021-10-01 0:00,2:35:00
1308,121,118,2021-11-05 22:00,6:20:00
1309,121,81,2021-09-20 17:00,4:24:00
1310,121,123,2021-10-02 15:30,1:34:00
1311,121,131,2021-09-05 15:30,7:46:00
1312,121,163,2021-11-01 19:20,2:20:00
1313,122,198,2021-11-04 17:00,1:31:00
1314,122,23,2021-09-13 17:00,3:37:00
1315,122,155,2021-11-09 17:00,3:42:00
1316,122,222,2021-10-30 17:00,5:50:00
1317,122,69,2021-10-05 0:00,7:46:00
1318,123,74,2021-10-23 15:30,2:23:00
1319,123,193,2021-09-15 15:30,2:10:00
1320,123,120,2021-11-05 19:20,6:22:00
1321,123,33,2021-09-25 15:30,2:38:00
1322,123,89,2021-09-03 17:00,2:35:00
1323,123,114,2021-09-10 0:00,1:20:00
1324,123,34,2021-10-30 0:00,5:36:00
1325,123,207,2021-09-09 23:30,2:51:00
1326,124,50,2021-10-22 0:00,5:40:00
1327,124,83,2021-11-05 17:00,4:14:00
1328,124,24,2021-10-25 0:00,2:41:00
1329,124,13,2021-11-11 0:00,5:52:00
1330,124,6,2021-09-29 17:00,7:37:00
1331,124,155,2021-10-19 23:30,1:45:00
1332,124,136,2021-09-15 0:00,5:25:00
1333,124,89,2021-10-26 17:00,4:48:00
1334,124,36,2021-09-22 22:00,7:53:00
1335,124,129,2021-09-04 15:30,3:37:00
1336,125,8,2021-10-08 17:00,4:49:00
1337,125,80,2021-11-28 19:20,2:41:00
1338,125,128,2021-10-03 23:30,1:37:00
1339,125,137,2021-10-08 0:00,6:27:00
1340,125,214,2021-10-22 15:30,3:40:00
1341,125,30,2021-11-03 0:00,7:11:00
1342,125,29,2021-10-20 23:30,1:51:00
1343,125,169,2021-10-07 23:30,1:34:00
1344,125,60,2021-11-01 22:00,5:19:00
1345,125,47,2021-09-17 22:00,4:28:00
1346,125,213,2021-11-18 19:20,2:35:00
1347,125,158,2021-10-19 22:00,2:36:00
1348,125,31,2021-09-01 17:00,1:41:00
1349,125,91,2021-10-27 15:30,5:16:00
1350,126,18,2021-09-10 19:20,4:55:00
1351,126,32,2021-10-16 15:30,6:32:00
1352,126,180,2021-11-12 23:30,4:22:00
1353,126,138,2021-10-27 22:00,7:54:00
1354,126,173,2021-11-01 0:00,3:38:00
1355,126,182,2021-10-09 0:00,3:33:00
1356,126,76,2021-10-20 0:00,7:17:00
1357,126,159,2021-11-07 19:20,7:21:00
1358,126,201,2021-10-02 17:00,1:26:00
1359,126,2,2021-10-22 19:20,6:43:00
1360,126,106,2021-11-16 17:00,2:52:00
1361,126,208,2021-09-04 0:00,1:43:00
1362,126,13,2021-11-15 22:00,4:20:00
1363,126,87,2021-11-23 0:00,1:15:00
1364,126,78,2021-09-27 23:30,1:45:00
1365,126,104,2021-10-12 23:30,7:10:00
1366,126,110,2021-10-05 15:30,2:12:00
1367,126,134,2021-10-06 19:20,2:27:00
1368,126,145,2021-10-19 22:00,7:26:00
1369,127,190,2021-09-04 19:20,3:38:00
1370,127,225,2021-09-03 23:30,1:22:00
1371,127,70,2021-10-12 22:00,5:20:00
1372,127,50,2021-10-12 19:20,6:15:00
1373,127,206,2021-10-22 15:30,1:42:00
1374,127,144,2021-11-25 19:20,3:13:00
1375,127,41,2021-11-07 19:20,5:31:00
1376,127,101,2021-11-11 17:00,5:26:00
1377,127,49,2021-09-09 23:30,2:25:00
1378,127,145,2021-10-11 19:20,3:20:00
1379,127,63,2021-10-20 23:30,1:38:00
1380,127,188,2021-09-28 0:00,3:51:00
1381,127,53,2021-11-08 15:30,1:31:00
1382,127,127,2021-10-26 19:20,3:36:00
1383,127,43,2021-09-21 19:20,2:16:00
1384,127,22,2021-09-10 23:30,3:26:00
1385,127,21,2021-10-04 23:30,6:29:00
1386,127,220,2021-10-23 22:00,1:18:00
1387,127,212,2021-10-03 0:00,4:23:00
1388,128,177,2021-10-11 19:20,5:11:00
1389,128,52,2021-10-15 0:00,3:21:00
1390,128,197,2021-10-28 15:30,5:54:00
1391,129,20,2021-11-05 22:00,2:41:00
1392,129,181,2021-10-20 17:00,3:33:00
1393,129,38,2021-09-26 22:00,3:27:00
1394,129,156,2021-11-27 22:00,6:14:00
1395,129,116,2021-11-23 17:00,5:29:00
1396,129,192,2021-11-12 23:30,7:44:00
1397,129,160,2021-10-19 23:30,1:16:00
1398,129,37,2021-09-03 19:20,2:54:00
1399,129,117,2021-09-10 15:30,7:45:00
1400,129,169,2021-09-09 0:00,1:52:00
1401,129,55,2021-11-07 0:00,5:47:00
1402,129,154,2021-09-01 19:20,1:47:00
1403,129,149,2021-09-03 17:00,3:39:00
1404,130,118,2021-10-01 22:00,2:45:00
1405,130,179,2021-11-01 15:30,2:25:00
1406,130,68,2021-09-13 15:30,5:50:00
1407,130,20,2021-10-12 0:00,1:32:00
1408,130,44,2021-11-27 15:30,3:42:00
1409,130,98,2021-10-29 22:00,3:37:00
1410,130,105,2021-11-21 23:30,6:23:00
1411,130,48,2021-11-17 22:00,5:12:00
1412,130,157,2021-10-02 22:00,6:28:00
1413,131,45,2021-11-27 15:30,7:26:00
1414,131,60,2021-09-07 23:30,7:34:00
1415,131,80,2021-11-22 22:00,5:32:00
1416,132,66,2021-11-28 0:00,6:16:00
1417,132,34,2021-11-11 17:00,7:51:00
1418,132,43,2021-10-27 23:30,3:37:00
1419,132,121,2021-11-04 15:30,5:27:00
1420,132,104,2021-11-16 22:00,2:40:00
1421,132,173,2021-09-11 19:20,1:15:00
1422,132,120,2021-10-11 23:30,4:36:00
1423,132,52,2021-10-05 15:30,3:15:00
1424,132,134,2021-09-26 17:00,1:44:00
1425,132,182,2021-09-22 22:00,4:29:00
1426,132,186,2021-11-24 19:20,1:16:00
1427,132,187,2021-11-02 23:30,4:16:00
1428,132,102,2021-11-18 22:00,7:27:00
1429,132,141,2021-10-05 19:20,3:14:00
1430,132,58,2021-11-12 17:00,1:31:00
1431,132,91,2021-11-11 0:00,1:37:00
1432,133,175,2021-11-04 0:00,5:32:00
1433,133,183,2021-09-08 22:00,3:29:00
1434,133,52,2021-10-18 22:00,5:46:00
1435,133,63,2021-09-29 17:00,3:43:00
1436,133,132,2021-09-22 23:30,3:27:00
1437,133,169,2021-10-24 17:00,2:28:00
1438,133,217,2021-09-06 0:00,6:42:00
1439,133,77,2021-09-07 0:00,2:10:00
1440,133,201,2021-10-22 15:30,5:46:00
1441,133,32,2021-11-11 19:20,3:53:00
1442,133,51,2021-09-03 22:00,1:53:00
1443,133,223,2021-10-09 23:30,4:35:00
1444,133,3,2021-10-15 23:30,3:35:00
1445,133,73,2021-09-16 22:00,7:53:00
1446,133,171,2021-10-26 19:20,7:50:00
1447,133,119,2021-09-13 23:30,2:36:00
1448,133,39,2021-09-08 0:00,4:47:00
1449,134,130,2021-11-06 17:00,6:47:00
1450,134,194,2021-11-02 0:00,1:40:00
1451,134,156,2021-09-03 0:00,3:15:00
1452,134,50,2021-10-03 15:30,6:11:00
1453,134,68,2021-11-06 23:30,3:38:00
1454,134,206,2021-11-12 15:30,3:48:00
1455,134,6,2021-11-06 22:00,2:41:00
1456,134,22,2021-10-21 23:30,5:29:00
1457,134,16,2021-10-19 23:30,2:51:00
1458,134,205,2021-09-23 15:30,3:47:00
1459,134,12,2021-11-15 19:20,5:21:00
1460,134,113,2021-11-16 15:30,2:21:00
1461,134,184,2021-09-04 15:30,1:20:00
1462,134,211,2021-11-19 22:00,7:46:00
1463,135,3,2021-09-26 22:00,2:13:00
1464,135,218,2021-11-24 19:20,6:30:00
1465,135,28,2021-09-20 17:00,3:16:00
1466,135,200,2021-09-09 23:30,4:22:00
1467,135,163,2021-10-13 17:00,3:13:00
1468,135,46,2021-10-13 22:00,6:15:00
1469,135,197,2021-11-14 17:00,3:50:00
1470,135,135,2021-09-28 19:20,4:30:00
1471,135,175,2021-11-26 15:30,3:50:00
1472,135,83,2021-11-25 22:00,1:39:00
1473,135,8,2021-09-09 22:00,6:42:00
1474,135,174,2021-11-16 17:00,3:50:00
1475,135,155,2021-09-02 17:00,5:25:00
1476,135,169,2021-09-07 15:30,3:17:00
1477,135,48,2021-11-09 23:30,6:49:00
1478,135,14,2021-10-29 15:30,4:15:00
1479,135,196,2021-09-23 23:30,4:50:00
1480,135,148,2021-10-05 23:30,2:11:00
1481,135,129,2021-11-08 22:00,4:15:00
1482,135,68,2021-09-06 0:00,3:41:00
1483,136,153,2021-11-24 22:00,6:25:00
1484,136,98,2021-09-06 0:00,5:37:00
1485,136,88,2021-09-17 0:00,5:53:00
1486,136,135,2021-11-30 23:30,6:50:00
1487,136,138,2021-09-11 22:00,5:32:00
1488,136,8,2021-09-25 22:00,4:48:00
1489,136,109,2021-10-23 0:00,6:27:00
1490,136,82,2021-09-09 23:30,7:13:00
1491,136,121,2021-11-07 23:30,1:17:00
1492,136,33,2021-10-20 17:00,2:30:00
1493,137,174,2021-10-11 15:30,7:29:00
1494,137,208,2021-11-28 23:30,1:41:00
1495,137,126,2021-09-11 0:00,6:55:00
1496,137,217,2021-11-26 15:30,2:42:00
1497,137,151,2021-09-13 23:30,7:15:00
1498,137,131,2021-10-19 19:20,4:47:00
1499,138,190,2021-09-13 17:00,6:45:00
1500,138,21,2021-11-12 0:00,7:44:00
1501,138,79,2021-09-17 19:20,4:21:00
1502,138,201,2021-09-16 23:30,4:30:00
1503,138,123,2021-11-03 17:00,5:34:00
1504,138,65,2021-09-16 0:00,2:46:00
1505,138,174,2021-10-07 23:30,2:40:00
1506,138,18,2021-09-18 15:30,2:22:00
1507,138,54,2021-11-24 15:30,3:16:00
1508,138,180,2021-11-27 23:30,6:38:00
1509,138,223,2021-11-15 15:30,2:17:00
1510,138,44,2021-11-04 17:00,2:20:00
1511,138,55,2021-11-15 15:30,3:31:00
1512,138,145,2021-11-30 15:30,5:53:00
1513,138,93,2021-10-02 19:20,4:18:00
1514,138,58,2021-09-10 15:30,7:32:00
1515,139,51,2021-09-01 17:00,3:27:00
1516,139,52,2021-11-09 15:30,7:25:00
1517,139,200,2021-11-20 0:00,1:49:00
1518,139,209,2021-10-29 19:20,4:24:00
1519,139,9,2021-09-01 19:20,6:19:00
1520,139,211,2021-11-09 22:00,6:43:00
1521,139,135,2021-11-01 23:30,6:51:00
1522,139,63,2021-09-11 15:30,4:24:00
1523,139,65,2021-09-19 15:30,4:49:00
1524,139,138,2021-10-17 19:20,3:37:00
1525,139,21,2021-09-09 0:00,2:10:00
1526,139,169,2021-11-01 23:30,4:28:00
1527,139,107,2021-09-25 0:00,2:37:00
1528,140,186,2021-11-27 17:00,1:40:00
1529,140,28,2021-09-06 23:30,5:11:00
1530,140,124,2021-09-14 23:30,2:32:00
1531,140,156,2021-10-13 22:00,3:26:00
1532,140,95,2021-10-21 15:30,3:32:00
1533,140,39,2021-10-10 19:20,1:33:00
1534,140,45,2021-10-10 19:20,6:38:00
1535,140,211,2021-10-16 23:30,1:49:00
1536,140,100,2021-09-06 19:20,4:22:00
1537,140,38,2021-11-03 22:00,5:15:00
1538,140,92,2021-09-09 23:30,7:48:00
1539,140,118,2021-09-21 19:20,5:15:00
1540,140,148,2021-10-26 19:20,7:43:00
1541,140,18,2021-10-01 23:30,7:33:00
1542,140,160,2021-10-16 22:00,3:43:00
1543,140,8,2021-11-09 22:00,3:47:00
1544,141,113,2021-10-18 19:20,4:19:00
1545,141,203,2021-09-23 23:30,6:55:00
1546,141,184,2021-09-02 19:20,2:28:00
1547,141,207,2021-10-15 23:30,1:12:00
1548,141,99,2021-09-14 15:30,2:43:00
1549,142,210,2021-09-10 0:00,2:37:00
1550,142,116,2021-09-11 0:00,5:23:00
1551,142,6,2021-11-10 19:20,7:54:00
1552,142,160,2021-11-01 23:30,1:29:00
1553,142,48,2021-11-12 17:00,2:10:00
1554,142,135,2021-11-22 0:00,4:32:00
1555,142,8,2021-09-09 0:00,2:47:00
1556,142,66,2021-11-27 0:00,1:44:00
1557,142,194,2021-11-22 15:30,4:50:00
1558,142,208,2021-10-01 22:00,4:41:00
1559,142,152,2021-09-10 15:30,2:41:00
1560,142,88,2021-10-01 0:00,2:22:00
1561,142,110,2021-09-08 15:30,7:13:00
1562,142,167,2021-09-27 15:30,3:48:00
1563,142,158,2021-09-09 22:00,3:53:00
1564,142,33,2021-10-13 22:00,4:11:00
1565,142,185,2021-09-05 23:30,7:17:00
1566,143,65,2021-11-14 23:30,7:24:00
1567,143,68,2021-10-24 15:30,6:20:00
1568,144,62,2021-09-08 23:30,6:38:00
1569,144,72,2021-09-12 22:00,3:50:00
1570,144,50,2021-09-06 22:00,6:44:00
1571,144,184,2021-09-14 19:20,7:10:00
1572,144,4,2021-10-23 22:00,6:48:00
1573,144,1,2021-11-24 23:30,5:10:00
1574,144,9,2021-11-03 17:00,5:39:00
1575,144,195,2021-09-25 15:30,3:53:00
1576,144,152,2021-09-28 23:30,4:55:00
1577,144,180,2021-11-16 0:00,1:53:00
1578,144,208,2021-11-28 15:30,6:20:00
1579,144,162,2021-10-08 15:30,6:41:00
1580,144,102,2021-09-11 17:00,4:43:00
1581,144,88,2021-10-05 23:30,2:51:00
1582,144,147,2021-09-29 23:30,1:30:00
1583,144,187,2021-09-18 17:00,4:29:00
1584,145,214,2021-09-30 22:00,3:41:00
1585,145,112,2021-11-10 0:00,7:44:00
1586,145,179,2021-11-03 23:30,7:12:00
1587,145,17,2021-09-18 15:30,6:53:00
1588,145,131,2021-10-10 15:30,4:35:00
1589,145,108,2021-10-26 0:00,1:27:00
1590,145,162,2021-09-29 15:30,2:47:00
1591,145,208,2021-11-19 23:30,1:33:00
1592,145,85,2021-11-16 22:00,6:51:00
1593,145,30,2021-11-05 0:00,5:51:00
1594,145,14,2021-10-25 19:20,6:53:00
1595,145,27,2021-09-06 17:00,4:14:00
1596,145,36,2021-11-14 19:20,7:37:00
1597,145,5,2021-10-18 0:00,2:17:00
1598,145,59,2021-09-21 22:00,1:28:00
1599,146,97,2021-09-05 17:00,1:34:00
1600,146,201,2021-09-16 23:30,2:49:00
1601,146,138,2021-09-17 17:00,3:21:00
1602,146,190,2021-11-04 17:00,2:42:00
1603,146,38,2021-09-13 23:30,2:10:00
1604,146,19,2021-11-13 17:00,5:48:00
1605,146,176,2021-09-28 23:30,1:20:00
1606,146,154,2021-10-03 0:00,1:29:00
1607,146,6,2021-10-14 23:30,1:28:00
1608,146,111,2021-10-28 23:30,1:53:00
1609,146,220,2021-11-20 22:00,2:53:00
1610,146,172,2021-09-30 19:20,6:22:00
1611,146,60,2021-11-05 17:00,2:15:00
1612,146,119,2021-11-26 22:00,1:47:00
1613,146,204,2021-09-05 0:00,5:55:00
1614,146,17,2021-11-14 15:30,1:49:00
1615,146,133,2021-11-28 15:30,7:41:00
1616,147,34,2021-10-22 17:00,3:46:00
1617,147,48,2021-11-01 15:30,1:40:00
1618,147,169,2021-09-16 19:20,7:53:00
1619,147,163,2021-09-18 19:20,4:43:00
1620,147,199,2021-09-18 0:00,4:12:00
1621,147,31,2021-11-21 0:00,5:27:00
1622,147,143,2021-10-25 15:30,6:34:00
1623,147,43,2021-11-11 0:00,4:48:00
1624,147,37,2021-10-01 22:00,3:31:00
1625,147,180,2021-10-13 22:00,6:41:00
1626,147,219,2021-11-30 15:30,2:28:00
1627,147,225,2021-09-21 22:00,3:51:00
1628,147,6,2021-11-30 19:20,1:53:00
1629,147,4,2021-09-15 22:00,7:11:00
1630,147,200,2021-09-28 17:00,4:23:00
1631,147,147,2021-11-21 15:30,5:18:00
1632,147,185,2021-11-02 17:00,7:34:00
1633,147,154,2021-09-30 19:20,7:55:00
1634,147,22,2021-09-08 22:00,5:50:00
1635,148,54,2021-11-02 22:00,5:47:00
1636,148,120,2021-09-17 17:00,3:10:00
1637,148,2,2021-09-23 15:30,7:25:00
1638,148,201,2021-09-22 22:00,3:15:00
1639,148,86,2021-11-19 22:00,3:17:00
1640,148,216,2021-11-27 0:00,3:20:00
1641,148,166,2021-09-07 19:20,5:30:00
1642,148,213,2021-10-17 23:30,2:27:00
1643,148,147,2021-09-15 23:30,1:42:00
1644,148,208,2021-09-05 19:20,2:54:00
1645,149,165,2021-11-25 15:30,4:38:00
1646,149,137,2021-09-11 22:00,4:18:00
1647,149,175,2021-10-30 23:30,3:29:00
1648,149,146,2021-10-20 15:30,7:34:00
1649,149,131,2021-09-15 17:00,1:48:00
1650,150,115,2021-11-11 17:00,4:37:00
1651,150,109,2021-11-10 19:20,7:14:00
1652,150,179,2021-11-20 0:00,7:50:00
1653,150,63,2021-09-20 23:30,4:20:00
1654,150,192,2021-10-22 17:00,3:13:00
1655,151,205,2021-11-09 0:00,4:52:00
1656,151,20,2021-09-30 0:00,2:27:00
1657,152,149,2021-10-04 22:00,4:15:00
1658,152,134,2021-09-25 23:30,3:19:00
1659,152,184,2021-09-14 15:30,5:53:00
1660,152,219,2021-09-30 23:30,4:22:00
1661,152,185,2021-09-03 22:00,3:43:00
1662,152,15,2021-11-21 23:30,4:49:00
1663,152,47,2021-11-25 15:30,2:12:00
1664,152,69,2021-11-14 19:20,7:41:00
1665,152,62,2021-10-26 23:30,1:30:00
1666,152,114,2021-09-11 15:30,2:55:00
1667,152,60,2021-10-25 0:00,4:39:00
1668,152,199,2021-11-17 0:00,3:21:00
1669,152,206,2021-11-08 22:00,7:51:00
1670,153,165,2021-10-03 19:20,6:19:00
1671,153,19,2021-11-30 0:00,6:46:00
1672,153,167,2021-10-05 0:00,6:32:00
1673,153,56,2021-09-13 17:00,5:25:00
1674,153,174,2021-09-06 17:00,7:47:00
1675,154,158,2021-11-18 23:30,4:20:00
1676,154,24,2021-09-05 15:30,3:39:00
1677,154,78,2021-11-03 0:00,4:55:00
1678,154,9,2021-09-16 17:00,5:35:00
1679,154,20,2021-11-27 17:00,5:46:00
1680,154,168,2021-11-15 17:00,6:19:00
1681,155,169,2021-10-18 23:30,3:46:00
1682,155,166,2021-11-24 23:30,7:52:00
1683,155,121,2021-11-27 19:20,3:35:00
1684,155,75,2021-11-17 17:00,5:15:00
1685,155,193,2021-10-16 22:00,3:46:00
1686,155,109,2021-11-25 15:30,2:19:00
1687,155,6,2021-09-14 17:00,2:36:00
1688,155,225,2021-11-03 17:00,1:35:00
1689,155,137,2021-10-13 22:00,5:26:00
1690,155,148,2021-09-21 22:00,6:55:00
1691,155,49,2021-11-23 17:00,4:23:00
1692,155,77,2021-11-03 0:00,6:23:00
1693,155,60,2021-11-21 17:00,4:43:00
1694,155,86,2021-10-13 22:00,4:30:00
1695,155,65,2021-10-20 15:30,3:35:00
1696,155,34,2021-09-22 23:30,1:47:00
1697,156,224,2021-09-18 0:00,1:28:00
1698,156,187,2021-11-15 23:30,4:18:00
1699,156,21,2021-11-22 15:30,1:18:00
1700,156,57,2021-10-09 19:20,5:50:00
1701,156,177,2021-10-08 17:00,6:12:00
1702,156,11,2021-11-04 22:00,6:41:00
1703,156,161,2021-11-28 15:30,2:22:00
1704,157,112,2021-09-01 0:00,2:52:00
1705,157,142,2021-09-05 22:00,5:14:00
1706,157,34,2021-09-08 0:00,1:29:00
1707,157,226,2021-09-17 22:00,7:12:00
1708,157,164,2021-11-11 17:00,3:47:00
1709,157,213,2021-10-12 0:00,5:50:00
1710,158,28,2021-09-24 19:20,2:37:00
1711,158,23,2021-10-29 15:30,4:28:00
1712,158,193,2021-11-13 15:30,7:36:00
1713,158,181,2021-11-06 19:20,3:36:00
1714,158,97,2021-11-03 15:30,2:29:00
1715,158,60,2021-09-19 22:00,3:10:00
1716,158,29,2021-10-21 15:30,4:26:00
1717,158,67,2021-11-28 19:20,2:30:00
1718,158,166,2021-11-28 17:00,3:17:00
1719,158,31,2021-10-16 19:20,5:10:00
1720,158,103,2021-11-25 23:30,1:27:00
1721,158,78,2021-10-25 23:30,3:14:00
1722,158,177,2021-10-08 15:30,3:45:00
1723,158,105,2021-09-21 15:30,7:34:00
1724,158,157,2021-11-20 23:30,2:20:00
1725,158,86,2021-09-27 22:00,3:12:00
1726,158,127,2021-10-07 23:30,4:53:00
1727,158,198,2021-11-05 23:30,4:36:00
1728,159,192,2021-09-10 17:00,7:55:00
1729,159,108,2021-10-01 23:30,7:17:00
1730,159,103,2021-09-04 23:30,5:18:00
1731,159,130,2021-09-01 15:30,3:40:00
1732,159,182,2021-09-05 19:20,4:45:00
1733,159,171,2021-09-14 22:00,1:28:00
1734,159,162,2021-10-20 15:30,6:13:00
1735,159,194,2021-09-03 19:20,3:15:00
1736,159,120,2021-10-20 0:00,1:16:00
1737,159,98,2021-11-01 17:00,5:37:00
1738,159,5,2021-11-21 0:00,4:34:00
1739,160,31,2021-11-14 17:00,3:55:00
1740,160,40,2021-10-26 22:00,7:54:00
1741,160,22,2021-11-26 17:00,4:33:00
1742,160,124,2021-11-14 15:30,5:29:00
1743,160,154,2021-10-24 17:00,7:29:00
1744,160,216,2021-11-06 0:00,1:52:00
1745,160,133,2021-10-14 17:00,3:43:00
1746,160,202,2021-09-18 22:00,3:54:00
1747,160,126,2021-11-20 0:00,1:52:00
1748,160,86,2021-09-21 22:00,3:42:00
1749,160,172,2021-10-21 23:30,7:11:00
1750,160,80,2021-11-28 15:30,2:43:00
1751,160,121,2021-11-01 19:20,5:12:00
1752,161,133,2021-09-20 17:00,7:46:00
1753,161,223,2021-10-09 23:30,6:32:00
1754,161,151,2021-09-20 15:30,7:16:00
1755,161,152,2021-10-23 0:00,2:44:00
1756,161,161,2021-11-30 19:20,5:47:00
1757,161,50,2021-11-30 17:00,7:18:00
1758,161,179,2021-10-18 17:00,1:44:00
1759,161,30,2021-10-26 19:20,5:32:00
1760,161,212,2021-10-27 23:30,1:42:00
1761,161,148,2021-10-10 23:30,7:32:00
1762,161,222,2021-09-16 22:00,2:17:00
1763,161,187,2021-11-28 0:00,5:45:00
1764,161,55,2021-11-11 17:00,6:20:00
1765,161,99,2021-10-18 17:00,7:12:00
1766,161,100,2021-11-15 19:20,3:26:00
1767,161,54,2021-10-10 22:00,1:27:00
1768,161,114,2021-11-05 15:30,2:25:00
1769,161,39,2021-11-19 15:30,1:23:00
1770,161,113,2021-09-13 23:30,2:52:00
1771,161,153,2021-10-18 15:30,4:27:00
1772,162,41,2021-10-23 17:00,1:12:00
1773,162,46,2021-09-08 17:00,2:38:00
1774,162,113,2021-11-01 15:30,4:40:00
1775,163,13,2021-11-01 19:20,7:32:00
1776,163,59,2021-10-14 23:30,1:12:00
1777,163,134,2021-11-22 17:00,7:25:00
1778,163,206,2021-11-18 15:30,5:12:00
1779,163,115,2021-11-29 0:00,3:22:00
1780,163,70,2021-11-06 15:30,3:44:00
1781,163,208,2021-11-02 15:30,6:51:00
1782,163,211,2021-10-18 23:30,4:15:00
1783,163,95,2021-11-29 0:00,3:51:00
1784,163,57,2021-10-15 19:20,7:17:00
1785,163,2,2021-09-11 15:30,5:19:00
1786,163,25,2021-10-12 0:00,1:16:00
1787,163,77,2021-10-26 0:00,7:34:00
1788,163,201,2021-11-03 19:20,3:22:00
1789,163,58,2021-11-30 15:30,6:13:00
1790,163,205,2021-10-11 0:00,3:43:00
1791,163,89,2021-10-08 22:00,1:20:00
1792,163,103,2021-11-21 0:00,7:11:00
1793,163,193,2021-11-30 15:30,1:43:00
1794,164,160,2021-11-23 22:00,3:47:00
1795,164,212,2021-10-16 0:00,7:42:00
1796,164,76,2021-11-23 0:00,6:15:00
1797,164,125,2021-10-18 22:00,4:39:00
1798,164,149,2021-11-16 23:30,5:12:00
1799,164,108,2021-11-05 22:00,6:35:00
1800,164,205,2021-09-19 0:00,3:16:00
1801,164,66,2021-11-02 15:30,1:13:00
1802,164,193,2021-09-22 22:00,2:52:00
1803,165,10,2021-10-14 0:00,3:12:00
1804,165,138,2021-11-15 0:00,2:34:00
1805,165,152,2021-09-30 0:00,4:30:00
1806,165,182,2021-09-06 19:20,2:31:00
1807,165,128,2021-09-17 15:30,7:43:00
1808,166,180,2021-10-22 0:00,5:19:00
1809,166,170,2021-10-23 22:00,3:51:00
1810,166,212,2021-10-01 0:00,1:36:00
1811,166,120,2021-10-20 0:00,3:32:00
1812,166,77,2021-11-22 22:00,1:37:00
1813,166,112,2021-10-19 17:00,3:53:00
1814,166,16,2021-09-01 23:30,7:15:00
1815,166,126,2021-11-10 17:00,4:27:00
1816,166,44,2021-10-20 19:20,5:30:00
1817,166,86,2021-11-14 22:00,2:29:00
1818,166,165,2021-09-13 19:20,3:26:00
1819,166,152,2021-11-26 17:00,6:52:00
1820,166,22,2021-10-01 23:30,7:24:00
1821,166,100,2021-10-17 0:00,3:21:00
1822,166,76,2021-10-01 23:30,6:21:00
1823,166,202,2021-09-18 15:30,4:16:00
1824,166,143,2021-11-01 23:30,2:33:00
1825,166,49,2021-11-30 19:20,6:40:00
1826,166,148,2021-10-23 0:00,5:25:00
1827,167,2,2021-11-15 22:00,6:19:00
1828,167,35,2021-10-07 17:00,5:46:00
1829,167,177,2021-10-16 0:00,7:20:00
1830,167,124,2021-11-05 22:00,3:17:00
1831,167,51,2021-11-12 23:30,4:40:00
1832,167,147,2021-09-27 0:00,3:43:00
1833,167,210,2021-10-19 23:30,2:29:00
1834,167,156,2021-09-05 23:30,3:26:00
1835,167,129,2021-10-07 0:00,4:24:00
1836,167,41,2021-09-27 15:30,2:29:00
1837,167,222,2021-11-27 15:30,1:42:00
1838,167,159,2021-10-05 23:30,5:29:00
1839,167,130,2021-11-17 17:00,2:46:00
1840,167,167,2021-10-01 0:00,7:20:00
1841,167,216,2021-10-02 19:20,1:33:00
1842,168,109,2021-11-10 23:30,5:10:00
1843,168,210,2021-09-16 22:00,5:35:00
1844,168,191,2021-09-08 22:00,5:47:00
1845,168,48,2021-11-03 0:00,1:33:00
1846,168,187,2021-10-12 0:00,2:54:00
1847,168,72,2021-11-05 19:20,4:44:00
1848,168,28,2021-09-22 15:30,3:10:00
1849,168,91,2021-09-07 19:20,3:48:00
1850,168,118,2021-11-06 23:30,7:48:00
1851,168,76,2021-11-29 0:00,2:34:00
1852,168,198,2021-11-12 15:30,5:16:00
1853,168,88,2021-10-15 17:00,2:40:00
1854,168,208,2021-11-18 17:00,3:19:00
1855,168,11,2021-10-19 0:00,5:16:00
1856,168,30,2021-09-21 15:30,4:15:00
1857,169,167,2021-09-26 0:00,7:36:00
1858,169,70,2021-10-27 22:00,1:29:00
1859,169,124,2021-09-27 23:30,7:30:00
1860,169,217,2021-11-11 22:00,5:14:00
1861,169,41,2021-09-21 17:00,5:32:00
1862,169,151,2021-11-12 19:20,4:18:00
1863,169,210,2021-09-13 17:00,7:19:00
1864,170,36,2021-09-10 22:00,4:44:00
1865,170,17,2021-10-20 17:00,4:19:00
1866,170,58,2021-10-03 17:00,7:34:00
1867,170,114,2021-10-28 23:30,7:12:00
1868,170,214,2021-09-25 15:30,7:16:00
1869,170,18,2021-09-11 22:00,7:40:00
1870,170,171,2021-11-25 0:00,7:41:00
1871,170,185,2021-09-20 0:00,4:48:00
1872,170,107,2021-09-07 19:20,3:26:00
1873,170,65,2021-11-11 23:30,3:41:00
1874,170,101,2021-10-11 23:30,6:23:00
1875,170,225,2021-09-26 23:30,4:51:00
1876,170,125,2021-10-23 15:30,5:34:00
1877,170,57,2021-09-28 23:30,3:31:00
1878,170,42,2021-11-22 19:20,6:28:00
1879,170,43,2021-11-17 19:20,1:44:00
1880,170,98,2021-09-06 15:30,6:46:00
1881,170,133,2021-11-01 22:00,2:38:00
1882,170,97,2021-09-05 19:20,2:17:00
1883,171,89,2021-10-05 15:30,5:30:00
1884,171,119,2021-09-20 17:00,3:33:00
1885,171,196,2021-10-05 19:20,2:48:00
1886,171,141,2021-09-13 19:20,6:53:00
1887,171,124,2021-09-16 22:00,1:39:00
1888,171,62,2021-09-29 17:00,3:30:00
1889,171,178,2021-10-29 0:00,7:23:00
1890,171,86,2021-10-23 15:30,4:21:00
1891,171,10,2021-10-14 0:00,6:16:00
1892,171,3,2021-11-01 23:30,4:27:00
1893,171,221,2021-11-04 0:00,5:31:00
1894,172,59,2021-10-24 23:30,1:14:00
1895,172,86,2021-10-02 17:00,6:20:00
1896,172,58,2021-09-15 15:30,6:27:00
1897,173,41,2021-09-27 17:00,2:49:00
1898,173,80,2021-11-22 17:00,5:22:00
1899,173,148,2021-11-16 0:00,2:34:00
1900,173,103,2021-11-21 22:00,1:42:00
1901,173,76,2021-10-04 17:00,7:11:00
1902,173,23,2021-10-29 19:20,7:50:00
1903,173,130,2021-09-10 23:30,6:32:00
1904,173,47,2021-09-09 15:30,1:27:00
1905,173,188,2021-09-17 23:30,7:32:00
1906,173,191,2021-11-27 15:30,2:48:00
1907,173,223,2021-10-21 15:30,4:32:00
1908,174,225,2021-09-20 0:00,3:25:00
1909,174,218,2021-10-25 22:00,5:17:00
1910,174,109,2021-11-01 17:00,5:41:00
1911,174,172,2021-09-12 23:30,2:40:00
1912,174,114,2021-09-01 19:20,7:17:00
1913,174,15,2021-10-21 22:00,6:28:00
1914,174,123,2021-11-23 19:20,1:27:00
1915,174,111,2021-09-05 19:20,1:20:00
1916,174,90,2021-10-22 15:30,3:38:00
1917,174,149,2021-09-08 15:30,5:43:00
1918,174,76,2021-11-30 17:00,7:27:00
1919,174,41,2021-11-04 22:00,2:32:00
1920,174,211,2021-10-01 19:20,2:32:00
1921,174,214,2021-11-25 0:00,5:13:00
1922,174,160,2021-09-11 23:30,7:32:00
1923,174,216,2021-11-21 15:30,4:32:00
1924,174,148,2021-11-09 19:20,6:31:00
1925,174,78,2021-11-15 19:20,3:48:00
1926,174,196,2021-10-13 17:00,6:30:00
1927,174,139,2021-09-01 23:30,6:20:00
1928,175,160,2021-11-26 17:00,7:21:00
1929,175,221,2021-09-02 15:30,6:25:00
1930,175,84,2021-10-01 22:00,4:50:00
1931,175,103,2021-10-17 23:30,3:38:00
1932,175,43,2021-09-19 15:30,3:34:00
1933,175,172,2021-10-08 0:00,5:12:00
1934,175,182,2021-10-20 22:00,7:16:00
1935,175,116,2021-09-04 19:20,4:51:00
1936,176,146,2021-09-02 23:30,5:36:00
1937,176,111,2021-09-10 23:30,6:31:00
1938,176,98,2021-10-03 15:30,3:36:00
1939,176,173,2021-10-12 17:00,7:45:00
1940,176,120,2021-09-30 23:30,2:23:00
1941,176,119,2021-11-02 17:00,4:31:00
1942,176,191,2021-11-26 17:00,1:36:00
1943,176,48,2021-10-02 17:00,7:22:00
1944,176,116,2021-11-04 17:00,6:13:00
1945,177,54,2021-10-22 19:20,1:28:00
1946,177,175,2021-10-08 15:30,1:13:00
1947,177,178,2021-11-30 15:30,4:54:00
1948,177,33,2021-11-22 22:00,3:18:00
1949,178,40,2021-10-06 17:00,3:47:00
1950,178,24,2021-10-12 23:30,4:49:00
1951,178,9,2021-11-09 23:30,1:14:00
1952,179,139,2021-11-04 19:20,7:47:00
1953,179,129,2021-10-20 19:20,3:44:00
1954,179,93,2021-09-18 23:30,6:26:00
1955,179,155,2021-11-01 17:00,3:19:00
1956,179,190,2021-11-07 15:30,3:43:00
1957,179,31,2021-09-03 23:30,5:40:00
1958,179,40,2021-11-05 0:00,5:18:00
1959,179,68,2021-11-07 0:00,6:21:00
1960,180,45,2021-09-04 19:20,4:34:00
1961,180,203,2021-10-15 17:00,4:11:00
1962,180,43,2021-11-28 0:00,4:17:00
1963,180,111,2021-09-23 15:30,1:39:00
1964,180,167,2021-10-12 19:20,5:39:00
1965,180,33,2021-10-11 0:00,3:31:00
1966,180,186,2021-10-12 15:30,5:13:00
1967,181,58,2021-11-07 17:00,2:42:00
1968,181,62,2021-09-25 23:30,1:45:00
1969,181,164,2021-11-22 0:00,6:41:00
1970,181,186,2021-11-19 22:00,1:55:00
1971,181,23,2021-11-10 23:30,4:43:00
1972,181,48,2021-11-27 22:00,4:11:00
1973,181,13,2021-10-25 22:00,2:43:00
1974,181,193,2021-11-29 15:30,1:24:00
1975,181,210,2021-10-17 0:00,3:47:00
1976,181,142,2021-10-27 23:30,3:51:00
1977,181,138,2021-09-05 19:20,1:22:00
1978,182,6,2021-11-08 15:30,1:23:00
1979,182,151,2021-10-06 0:00,7:20:00
1980,182,68,2021-10-13 0:00,5:30:00
1981,182,110,2021-09-08 23:30,4:15:00
1982,182,85,2021-09-30 0:00,3:22:00
1983,182,75,2021-10-16 19:20,6:27:00
1984,182,138,2021-10-22 23:30,6:29:00
1985,183,17,2021-11-13 0:00,2:38:00
1986,183,73,2021-09-11 23:30,3:35:00
1987,183,79,2021-10-08 19:20,3:32:00
1988,183,28,2021-11-28 22:00,5:55:00
1989,183,159,2021-10-15 17:00,2:37:00
1990,183,40,2021-11-15 15:30,6:49:00
1991,183,169,2021-09-20 22:00,2:45:00
1992,183,189,2021-11-29 23:30,1:51:00
1993,183,167,2021-11-01 15:30,3:50:00
1994,183,91,2021-11-27 15:30,6:31:00
1995,183,48,2021-10-24 0:00,3:29:00
1996,183,64,2021-09-15 23:30,4:32:00
1997,183,224,2021-10-12 23:30,4:34:00
1998,183,30,2021-11-09 17:00,4:47:00
1999,184,22,2021-09-01 17:00,1:11:00
2000,184,112,2021-11-08 17:00,7:18:00
2001,184,71,2021-11-13 22:00,6:40:00
2002,185,129,2021-11-17 22:00,6:10:00
2003,185,146,2021-11-26 22:00,3:45:00
2004,185,61,2021-11-03 19:20,7:40:00
2005,185,167,2021-09-25 19:20,4:48:00
2006,185,1,2021-10-28 22:00,2:40:00
2007,185,59,2021-09-03 23:30,2:13:00
2008,185,143,2021-10-25 17:00,3:36:00
2009,185,79,2021-11-21 23:30,7:19:00
2010,185,198,2021-11-05 23:30,6:37:00
2011,185,175,2021-09-17 22:00,5:14:00
2012,185,152,2021-11-20 17:00,6:15:00
2013,185,211,2021-11-03 23:30,2:14:00
2014,185,200,2021-11-30 15:30,2:55:00
2015,185,132,2021-09-25 15:30,4:42:00
2016,185,122,2021-09-28 15:30,5:49:00
2017,185,5,2021-10-23 0:00,4:31:00
2018,185,166,2021-09-18 22:00,2:20:00
2019,185,24,2021-11-15 0:00,7:11:00
2020,185,39,2021-11-09 19:20,3:37:00
2021,186,11,2021-10-19 22:00,6:42:00
2022,186,142,2021-11-07 23:30,6:30:00
2023,186,225,2021-11-09 22:00,3:48:00
2024,186,101,2021-11-15 0:00,6:32:00
2025,186,185,2021-11-12 19:20,7:23:00
2026,186,74,2021-11-03 23:30,1:35:00
2027,186,138,2021-09-05 0:00,5:23:00
2028,186,203,2021-09-26 15:30,7:11:00
2029,186,66,2021-10-16 23:30,1:53:00
2030,186,202,2021-09-11 15:30,3:55:00
2031,186,44,2021-09-24 15:30,5:36:00
2032,186,128,2021-11-11 22:00,3:40:00
2033,186,171,2021-09-27 23:30,5:30:00
2034,186,124,2021-10-11 17:00,1:11:00
2035,186,27,2021-10-19 23:30,1:50:00
2036,186,212,2021-09-19 17:00,3:43:00
2037,186,155,2021-11-05 22:00,4:15:00
2038,186,218,2021-09-02 0:00,1:50:00
2039,186,36,2021-09-10 22:00,7:24:00
2040,187,57,2021-09-24 19:20,7:33:00
2041,187,92,2021-10-16 0:00,4:49:00
2042,187,140,2021-10-09 22:00,7:13:00
2043,187,142,2021-10-18 23:30,3:18:00
2044,187,8,2021-11-08 22:00,3:28:00
2045,187,64,2021-09-24 17:00,6:45:00
2046,187,41,2021-10-22 19:20,7:51:00
2047,188,9,2021-11-12 19:20,3:54:00
2048,188,192,2021-11-03 23:30,5:17:00
2049,188,66,2021-10-18 0:00,1:37:00
2050,188,37,2021-09-07 22:00,4:15:00
2051,188,96,2021-11-13 15:30,7:13:00
2052,188,190,2021-11-27 17:00,7:28:00
2053,189,170,2021-11-17 15:30,7:39:00
2054,189,73,2021-10-18 15:30,6:31:00
2055,189,164,2021-11-26 15:30,4:54:00
2056,190,30,2021-09-11 17:00,6:53:00
2057,190,143,2021-10-19 22:00,2:19:00
2058,190,214,2021-11-21 19:20,5:46:00
2059,190,154,2021-10-03 19:20,1:14:00
2060,190,151,2021-10-21 0:00,4:45:00
2061,190,193,2021-11-16 0:00,7:54:00
2062,190,152,2021-11-05 22:00,2:43:00
2063,190,5,2021-09-30 23:30,1:29:00
2064,190,109,2021-11-09 17:00,1:29:00
2065,190,129,2021-10-18 17:00,4:38:00
2066,191,171,2021-11-09 0:00,5:12:00
2067,191,224,2021-10-28 0:00,7:33:00
2068,192,67,2021-09-29 23:30,5:26:00
2069,192,58,2021-09-25 15:30,1:31:00
2070,193,161,2021-09-08 15:30,3:41:00
2071,193,214,2021-11-18 17:00,7:24:00
2072,193,76,2021-09-27 15:30,7:36:00
2073,193,37,2021-09-12 15:30,1:28:00
2074,193,218,2021-11-24 22:00,2:22:00
2075,194,20,2021-09-30 23:30,4:34:00
2076,194,216,2021-11-24 0:00,7:12:00
2077,194,46,2021-09-16 17:00,7:36:00
2078,194,65,2021-10-14 15:30,2:26:00
2079,194,212,2021-10-16 22:00,3:36:00
2080,194,144,2021-09-16 19:20,6:50:00
2081,194,2,2021-11-15 23:30,3:47:00
2082,195,94,2021-09-09 17:00,6:26:00
2083,195,26,2021-10-04 17:00,6:23:00
2084,195,109,2021-10-26 22:00,3:45:00
2085,195,208,2021-11-19 15:30,5:32:00
2086,195,198,2021-10-15 23:30,4:51:00
2087,195,182,2021-11-15 23:30,4:16:00
2088,195,209,2021-09-05 0:00,3:31:00
2089,195,61,2021-10-18 19:20,7:12:00
2090,195,91,2021-10-10 22:00,1:54:00
2091,195,149,2021-11-16 19:20,3:16:00
2092,195,8,2021-10-25 22:00,1:39:00
2093,195,169,2021-11-19 17:00,7:24:00
2094,195,179,2021-09-29 17:00,2:39:00
2095,195,51,2021-09-25 19:20,7:20:00
2096,195,225,2021-11-12 15:30,6:24:00
2097,195,21,2021-10-19 0:00,1:19:00
2098,195,41,2021-10-08 19:20,1:31:00
2099,195,224,2021-10-20 23:30,4:38:00
2100,196,201,2021-11-27 17:00,7:17:00
2101,196,19,2021-09-29 23:30,2:20:00
2102,196,112,2021-09-03 0:00,7:26:00
2103,196,128,2021-09-28 23:30,6:25:00
2104,196,152,2021-11-30 0:00,4:19:00
2105,196,93,2021-11-03 22:00,3:33:00
2106,196,146,2021-09-22 15:30,4:21:00
2107,196,117,2021-11-16 17:00,6:43:00
2108,196,65,2021-11-21 19:20,6:22:00
2109,196,145,2021-11-25 23:30,7:34:00
2110,196,61,2021-09-04 0:00,1:22:00
2111,196,3,2021-10-29 22:00,6:28:00
2112,196,167,2021-10-07 0:00,3:10:00
2113,196,60,2021-09-10 23:30,2:29:00
2114,197,22,2021-11-05 0:00,1:41:00
2115,197,79,2021-09-20 0:00,4:51:00
2116,197,90,2021-09-27 17:00,1:33:00
2117,197,128,2021-10-05 15:30,3:50:00
2118,197,64,2021-09-24 0:00,2:21:00
2119,197,131,2021-09-21 15:30,2:52:00
2120,197,220,2021-11-22 22:00,5:42:00
2121,197,41,2021-11-11 17:00,6:44:00
2122,197,54,2021-11-15 19:20,5:28:00
2123,197,103,2021-10-11 15:30,2:21:00
2124,197,5,2021-11-17 22:00,3:15:00
2125,197,108,2021-09-26 0:00,6:21:00
2126,197,51,2021-11-17 22:00,3:50:00
2127,197,211,2021-10-11 22:00,4:17:00
2128,197,164,2021-09-02 15:30,3:36:00
2129,197,28,2021-10-19 23:30,2:45:00
2130,198,102,2021-11-03 17:00,7:21:00
2131,198,114,2021-10-25 17:00,1:40:00
2132,198,111,2021-11-19 17:00,5:19:00
2133,198,216,2021-10-20 23:30,7:21:00
2134,198,211,2021-11-07 15:30,1:40:00
2135,198,42,2021-09-25 19:20,7:16:00
2136,198,76,2021-11-11 0:00,2:24:00
2137,198,20,2021-09-04 0:00,4:27:00
2138,198,48,2021-10-22 15:30,2:36:00
2139,198,210,2021-11-25 22:00,4:49:00
2140,198,121,2021-11-23 0:00,5:45:00
2141,198,171,2021-11-26 15:30,6:15:00
2142,199,112,2021-09-05 0:00,1:10:00
2143,199,163,2021-10-10 19:20,5:48:00
2144,199,89,2021-10-09 17:00,2:14:00
2145,199,110,2021-11-23 0:00,2:19:00
2146,199,108,2021-10-18 15:30,1:22:00
2147,199,40,2021-10-07 0:00,3:37:00
2148,199,187,2021-09-10 19:20,6:55:00
2149,199,158,2021-10-29 22:00,7:51:00
2150,199,127,2021-11-22 15:30,3:34:00
2151,199,84,2021-11-29 19:20,3:24:00
2152,199,164,2021-11-21 22:00,5:46:00
2153,199,171,2021-10-25 15:30,4:42:00
2154,199,196,2021-09-26 19:20,2:51:00
2155,200,24,2021-10-16 15:30,4:46:00
2156,200,184,2021-11-10 15:30,2:19:00
2157,200,42,2021-11-27 0:00,4:32:00
2158,200,13,2021-09-05 22:00,4:13:00
2159,200,65,2021-11-30 0:00,1:49:00
2160,200,192,2021-10-26 0:00,6:10:00
2161,200,93,2021-10-10 19:20,7:25:00
2162,200,168,2021-09-07 15:30,6:47:00
2163,200,84,2021-09-11 23:30,3:36:00
2164,200,77,2021-11-28 15:30,1:14:00
2165,200,163,2021-10-25 15:30,2:52:00
2166,200,109,2021-11-14 23:30,6:47:00
2167,200,143,2021-09-06 17:00,7:10:00
2168,200,110,2021-09-23 22:00,4:23:00
2169,201,165,2021-09-27 22:00,5:40:00
2170,201,87,2021-11-28 22:00,3:25:00
2171,201,64,2021-09-24 15:30,5:32:00
2172,201,155,2021-09-15 23:30,6:46:00
2173,201,79,2021-11-23 19:20,6:25:00
2174,201,14,2021-09-16 23:30,1:29:00
2175,201,15,2021-09-22 23:30,1:46:00
2176,201,96,2021-10-07 15:30,5:18:00
2177,201,88,2021-11-29 22:00,1:30:00
2178,201,129,2021-09-01 22:00,6:47:00
2179,201,23,2021-10-13 0:00,5:37:00
2180,201,190,2021-09-27 15:30,7:12:00
2181,201,204,2021-10-08 15:30,1:17:00
2182,201,44,2021-11-08 15:30,2:21:00
2183,201,106,2021-10-21 0:00,4:48:00
2184,201,176,2021-11-15 15:30,7:27:00
2185,201,226,2021-09-09 17:00,2:49:00
2186,201,137,2021-10-06 22:00,7:46:00
2187,201,209,2021-09-17 0:00,2:36:00
2188,201,55,2021-10-25 23:30,1:25:00
2189,202,80,2021-09-22 22:00,5:23:00
2190,202,17,2021-09-18 0:00,1:25:00
2191,202,129,2021-09-08 22:00,2:29:00
2192,202,150,2021-09-06 15:30,5:50:00
2193,202,98,2021-10-13 15:30,1:31:00
2194,202,3,2021-11-16 17:00,3:14:00
2195,202,115,2021-10-14 23:30,5:48:00
2196,202,63,2021-10-14 17:00,7:52:00
2197,202,127,2021-09-27 23:30,6:14:00
2198,202,96,2021-10-25 23:30,4:36:00
2199,202,28,2021-10-17 0:00,2:41:00
2200,202,208,2021-11-01 0:00,7:12:00
2201,202,5,2021-11-16 23:30,5:34:00
2202,202,157,2021-10-28 17:00,4:12:00
2203,202,218,2021-09-15 19:20,2:43:00
2204,202,165,2021-10-26 0:00,1:12:00
2205,202,22,2021-11-21 23:30,6:39:00
2206,202,33,2021-09-24 17:00,6:52:00
2207,203,192,2021-11-16 23:30,2:40:00
2208,203,155,2021-11-20 19:20,3:46:00
2209,203,190,2021-10-27 23:30,2:55:00
2210,204,145,2021-11-02 0:00,7:31:00
2211,204,211,2021-10-06 23:30,3:37:00
2212,204,208,2021-11-02 23:30,3:12:00
2213,204,44,2021-11-17 19:20,4:47:00
2214,204,212,2021-11-23 17:00,4:28:00
2215,205,4,2021-10-06 15:30,5:33:00
2216,205,56,2021-10-26 19:20,4:40:00
2217,205,109,2021-11-28 0:00,2:38:00
2218,205,78,2021-10-08 15:30,4:50:00
2219,205,85,2021-10-10 0:00,6:51:00
2220,205,176,2021-09-02 23:30,2:33:00
2221,205,115,2021-09-24 0:00,4:26:00
2222,205,203,2021-11-01 19:20,5:22:00
2223,205,142,2021-10-19 22:00,1:35:00
2224,205,192,2021-09-21 23:30,7:10:00
2225,205,196,2021-11-30 23:30,4:20:00
2226,205,1,2021-10-06 0:00,2:36:00
2227,205,106,2021-11-19 17:00,2:27:00
2228,205,138,2021-10-06 15:30,2:23:00
2229,205,128,2021-09-12 0:00,7:15:00
2230,205,217,2021-10-02 19:20,1:20:00
2231,206,169,2021-09-26 23:30,2:30:00
2232,206,197,2021-10-05 22:00,4:10:00
2233,206,192,2021-09-27 19:20,5:41:00
2234,206,118,2021-09-25 17:00,5:48:00
2235,206,23,2021-10-15 19:20,3:16:00
2236,206,125,2021-11-01 15:30,5:44:00
2237,207,153,2021-11-18 17:00,1:12:00
2238,207,183,2021-10-24 0:00,2:26:00
2239,207,137,2021-11-01 0:00,2:24:00
2240,207,85,2021-11-28 15:30,6:55:00
2241,207,100,2021-10-09 23:30,5:14:00
2242,207,121,2021-09-06 23:30,5:54:00
2243,207,54,2021-10-19 23:30,6:47:00
2244,207,70,2021-11-28 22:00,5:48:00
2245,207,156,2021-09-23 23:30,6:29:00
2246,207,162,2021-10-09 17:00,3:31:00
2247,207,135,2021-11-23 0:00,2:47:00
2248,208,32,2021-11-27 17:00,4:23:00
2249,208,7,2021-10-26 19:20,4:53:00
2250,208,171,2021-09-01 22:00,2:31:00
2251,208,90,2021-09-06 17:00,4:40:00
2252,208,133,2021-11-30 19:20,1:18:00
2253,208,29,2021-09-09 19:20,3:54:00
2254,208,112,2021-11-27 19:20,6:12:00
2255,208,58,2021-11-12 23:30,2:25:00
2256,208,117,2021-10-17 22:00,2:39:00
2257,208,93,2021-11-26 17:00,2:16:00
2258,208,177,2021-11-22 17:00,6:16:00
2259,208,101,2021-11-29 19:20,5:41:00
2260,208,24,2021-11-03 23:30,5:23:00
2261,208,207,2021-10-04 22:00,3:49:00
2262,208,118,2021-09-28 19:20,1:32:00
2263,208,116,2021-11-05 19:20,6:13:00
2264,208,15,2021-09-28 17:00,2:13:00
2265,209,109,2021-11-22 19:20,5:22:00
2266,209,1,2021-09-30 23:30,1:20:00
2267,209,21,2021-11-04 17:00,1:47:00
2268,209,105,2021-09-12 22:00,3:38:00
2269,209,106,2021-10-24 19:20,3:11:00
2270,209,215,2021-11-26 19:20,6:16:00
2271,209,74,2021-11-22 0:00,1:17:00
2272,209,23,2021-10-27 15:30,7:21:00
2273,210,121,2021-11-01 0:00,5:36:00
2274,210,39,2021-10-19 17:00,4:32:00
2275,211,62,2021-10-29 23:30,1:53:00
2276,211,77,2021-09-15 22:00,4:42:00
2277,211,84,2021-11-04 15:30,7:16:00
2278,211,209,2021-09-01 15:30,3:32:00
2279,211,27,2021-10-25 23:30,3:47:00
2280,211,148,2021-10-05 19:20,2:28:00
2281,211,141,2021-11-07 0:00,7:19:00
2282,211,178,2021-11-23 19:20,6:28:00
2283,211,126,2021-10-11 22:00,5:16:00
2284,211,134,2021-11-15 15:30,4:24:00
2285,211,3,2021-10-19 17:00,5:47:00
2286,211,137,2021-11-26 19:20,1:23:00
2287,211,217,2021-11-06 0:00,7:31:00
2288,211,24,2021-09-29 0:00,6:35:00
2289,211,171,2021-11-02 0:00,1:22:00
2290,211,176,2021-11-12 22:00,1:22:00
2291,211,54,2021-09-25 22:00,3:41:00
2292,212,57,2021-10-20 15:30,2:34:00
2293,212,113,2021-10-01 23:30,2:41:00
2294,212,206,2021-10-11 22:00,2:38:00
2295,212,10,2021-11-29 22:00,7:47:00
2296,212,46,2021-10-16 23:30,2:40:00
2297,212,133,2021-10-11 15:30,4:54:00
2298,212,155,2021-09-21 23:30,7:22:00
2299,212,29,2021-11-30 23:30,3:24:00
2300,212,17,2021-09-20 19:20,4:51:00
2301,212,105,2021-11-28 19:20,3:35:00
2302,212,120,2021-11-16 0:00,6:14:00
2303,212,143,2021-11-28 0:00,1:14:00
2304,212,223,2021-09-01 22:00,6:40:00
2305,212,156,2021-11-25 23:30,3:43:00
2306,213,103,2021-10-02 0:00,3:42:00
2307,213,127,2021-09-13 0:00,3:18:00
2308,213,44,2021-11-28 17:00,3:36:00
2309,213,56,2021-11-04 0:00,2:35:00
2310,213,194,2021-11-25 19:20,6:53:00
2311,213,118,2021-11-02 23:30,3:10:00
2312,213,28,2021-09-12 22:00,7:40:00
2313,213,1,2021-10-12 23:30,2:27:00
2314,213,213,2021-10-23 15:30,3:55:00
2315,213,70,2021-11-14 23:30,3:18:00
2316,213,16,2021-10-17 15:30,1:28:00
2317,213,75,2021-09-05 22:00,5:17:00
2318,213,51,2021-10-17 0:00,6:14:00
2319,213,135,2021-11-28 15:30,4:12:00
2320,213,168,2021-11-06 0:00,7:13:00
2321,214,196,2021-09-25 19:20,1:17:00
2322,214,16,2021-11-17 23:30,2:50:00
2323,214,32,2021-11-07 19:20,6:49:00
2324,214,111,2021-11-18 17:00,6:13:00
2325,214,139,2021-10-30 0:00,3:30:00
2326,214,76,2021-10-23 23:30,1:27:00
2327,214,212,2021-11-07 19:20,3:31:00
2328,214,213,2021-09-29 0:00,1:40:00
2329,214,176,2021-09-15 17:00,4:53:00
2330,214,222,2021-11-17 19:20,5:36:00
2331,214,190,2021-09-19 17:00,4:43:00
2332,215,182,2021-09-05 17:00,5:22:00
2333,215,158,2021-11-02 19:20,4:16:00
2334,215,181,2021-09-15 0:00,5:39:00
2335,215,206,2021-09-07 15:30,2:32:00
2336,215,192,2021-10-29 15:30,3:43:00
2337,215,193,2021-09-11 15:30,6:27:00
2338,215,210,2021-10-03 23:30,2:47:00
2339,215,209,2021-11-22 0:00,7:22:00
2340,215,121,2021-11-23 22:00,1:43:00
2341,215,95,2021-11-05 0:00,6:45:00
2342,215,23,2021-10-08 17:00,2:47:00
2343,215,110,2021-09-21 23:30,4:29:00
2344,215,21,2021-10-10 15:30,4:21:00
2345,216,210,2021-09-06 17:00,7:49:00
2346,216,146,2021-10-08 22:00,5:11:00
2347,217,126,2021-09-03 0:00,2:15:00
2348,217,211,2021-11-25 22:00,6:27:00
2349,217,21,2021-10-02 0:00,5:43:00
2350,217,93,2021-11-17 17:00,6:14:00
2351,218,116,2021-10-27 0:00,3:44:00
2352,218,192,2021-10-27 17:00,7:53:00
2353,218,184,2021-11-05 19:20,6:49:00
2354,218,138,2021-09-13 0:00,2:29:00
2355,218,109,2021-10-21 15:30,3:16:00
2356,218,80,2021-10-20 17:00,2:35:00
2357,218,154,2021-09-12 17:00,6:34:00
2358,218,20,2021-10-20 22:00,3:11:00
2359,218,22,2021-11-24 17:00,5:22:00
2360,218,16,2021-09-08 15:30,1:31:00
2361,218,31,2021-10-06 17:00,4:51:00
2362,218,54,2021-10-17 22:00,2:18:00
2363,219,123,2021-09-10 17:00,2:39:00
2364,219,114,2021-10-02 19:20,1:55:00
2365,219,217,2021-11-21 0:00,3:45:00
2366,219,44,2021-11-03 22:00,2:40:00
2367,219,132,2021-09-16 0:00,5:22:00
2368,219,93,2021-11-27 15:30,6:32:00
2369,219,48,2021-10-13 0:00,1:45:00
2370,219,75,2021-09-09 15:30,7:33:00
2371,219,46,2021-09-27 0:00,6:26:00
2372,219,102,2021-11-07 22:00,7:12:00
2373,219,121,2021-10-02 0:00,2:28:00
2374,219,158,2021-09-06 23:30,6:40:00
2375,219,212,2021-10-06 0:00,1:35:00
2376,219,40,2021-10-10 0:00,4:46:00
2377,219,156,2021-10-23 15:30,2:36:00
2378,219,80,2021-10-02 0:00,1:48:00
2379,219,31,2021-10-20 22:00,3:45:00
2380,219,105,2021-09-03 17:00,3:45:00
2381,220,184,2021-11-30 22:00,1:45:00
2382,220,82,2021-09-22 17:00,4:30:00
2383,220,202,2021-09-21 0:00,7:41:00
2384,220,136,2021-10-30 17:00,3:32:00
2385,220,165,2021-10-20 19:20,4:52:00
2386,220,189,2021-09-04 19:20,2:48:00
2387,220,69,2021-09-30 23:30,3:55:00
2388,221,189,2021-09-03 23:30,3:12:00
2389,221,61,2021-11-07 23:30,4:44:00
2390,221,218,2021-11-12 17:00,6:23:00
2391,221,45,2021-09-19 22:00,2:10:00
2392,221,90,2021-11-07 19:20,7:11:00
2393,221,58,2021-09-05 15:30,6:55:00
2394,221,161,2021-09-08 0:00,1:39:00
2395,221,15,2021-11-07 0:00,7:15:00
2396,221,67,2021-11-20 23:30,6:45:00
2397,221,179,2021-10-20 19:20,6:52:00
2398,221,168,2021-09-30 15:30,3:32:00
2399,221,108,2021-09-03 17:00,4:46:00
2400,221,142,2021-09-22 19:20,2:31:00
2401,221,193,2021-10-25 15:30,5:44:00
2402,221,86,2021-09-17 23:30,1:55:00
2403,221,190,2021-09-22 23:30,4:19:00
2404,222,75,2021-11-23 23:30,1:49:00
2405,222,32,2021-10-14 19:20,1:36:00
2406,222,139,2021-11-30 23:30,3:29:00
2407,223,35,2021-11-23 19:20,1:30:00
2408,223,69,2021-11-03 19:20,7:31:00
2409,223,172,2021-09-29 17:00,4:53:00
2410,223,179,2021-09-09 17:00,2:20:00
2411,223,212,2021-11-03 23:30,3:31:00
2412,223,144,2021-11-17 15:30,4:32:00
2413,223,206,2021-09-08 23:30,1:10:00
2414,223,167,2021-11-30 17:00,4:43:00
2415,223,125,2021-10-15 17:00,4:34:00
2416,223,197,2021-11-15 15:30,1:30:00
2417,224,95,2021-11-05 17:00,7:27:00
2418,224,7,2021-09-08 19:20,3:34:00
2419,224,149,2021-11-19 0:00,5:26:00
2420,224,60,2021-10-11 17:00,3:17:00
2421,224,141,2021-11-22 0:00,3:34:00
2422,224,200,2021-11-30 22:00,1:30:00
2423,224,158,2021-09-28 23:30,4:52:00
2424,224,184,2021-09-18 17:00,6:43:00
2425,224,180,2021-11-26 0:00,7:51:00
2426,224,205,2021-09-19 17:00,3:12:00
2427,224,90,2021-09-26 23:30,3:44:00
2428,224,198,2021-10-10 0:00,6:48:00
2429,225,119,2021-11-06 15:30,7:36:00
2430,225,71,2021-10-14 17:00,6:11:00
2431,225,3,2021-09-17 19:20,7:55:00
2432,225,68,2021-11-30 22:00,6:43:00
2433,225,195,2021-09-15 19:20,3:37:00
2434,225,143,2021-11-29 15:30,7:52:00
2435,226,165,2021-10-14 0:00,5:55:00
2436,226,172,2021-10-20 17:00,6:11:00
2437,226,207,2021-09-22 22:00,2:51:00
2438,226,80,2021-10-13 17:00,7:39:00
2439,226,23,2021-11-04 23:30,7:37:00
2440,226,104,2021-10-28 17:00,1:52:00
2441,226,186,2021-09-26 22:00,7:52:00
2442,226,50,2021-11-21 22:00,3:34:00
2443,226,168,2021-10-17 0:00,1:12:00
2444,226,83,2021-09-07 19:20,6:12:00
2445,226,133,2021-11-24 15:30,3:42:00
2446,226,93,2021-11-17 17:00,2:15:00
2447,226,4,2021-09-09 0:00,5:28:00
2448,226,27,2021-10-23 17:00,6:15:00
2449,226,121,2021-10-28 19:20,1:46:00
2450,226,141,2021-11-15 19:20,6:33:00
2451,226,120,2021-11-03 23:30,1:43:00
2452,227,87,2021-09-28 22:00,5:55:00
2453,227,141,2021-09-10 0:00,3:41:00
